Player,Span,Mat,Inns,NO,Runs,HS,Ave,BF,SR,100,50,0,4s,6s,
ME Sanuth (OMA),2020-2020,1,1,0,5,5,5.00,7,71.42,0,0,0,0,0,
Aamer Jamal (PAK),2022-2022,2,1,0,10,10,10.00,7,142.85,0,0,0,1,0,
Aayan Afzal Khan (UAE),2022-2022,5,3,0,49,25,16.33,45,108.88,0,0,0,4,0,
P Abanda (CAM),2021-2022,6,6,0,31,13,5.16,64,48.43,0,0,1,6,0,
Abbas Saad (Saudi),2019-2019,2,2,0,8,8,4.00,8,100.00,0,0,1,1,0,
KJ Abbott (SA),2013-2016,21,6,4,23,9*,11.50,20,115.00,0,0,0,2,0,
R Abdulkareem (NGA),2021-2021,7,4,2,31,13*,15.50,32,96.87,0,0,0,4,0,
Abdullah Mahmood (DEN),2019-2022,2,1,0,2,2,2.00,2,100.00,0,0,0,0,0,
Abdullah Sheikh (NOR),2019-2022,5,4,1,16,11,5.33,25,64.00,0,0,0,1,0,
Abdulla Popalzae (GRC),2022-2022,1,1,0,0,0,0.00,3,0.00,0,0,1,0,0,
Abdul Majid (BHR),2020-2021,6,3,2,15,12,15.00,13,115.38,0,0,0,2,0,
Abdul Rahman (Fran),2022-2022,1,1,1,1,1*,-,2,50.00,0,0,0,0,0,
Abdul Shakoor (UAE),2015-2019,6,4,2,35,20*,17.50,40,87.50,0,0,0,3,0,
Abdur Razzak (BAN),2006-2014,34,20,10,41,9,4.10,74,55.40,0,0,5,1,0,
Abdur Rehman (PAK),2007-2013,8,5,3,22,7*,11.00,29,75.86,0,0,0,0,0,
JB Abega (CAM),2021-2022,7,7,0,15,11,2.14,43,34.88,0,0,4,1,0,
AS Abioye (NGA),2019-2019,5,1,1,0,0*,-,0,-,0,0,0,0,0,
IKO Aboagye (Ghana),2019-2019,4,4,0,16,7,4.00,37,43.24,0,0,1,0,0,
M Aboagye (Ghana),2019-2019,3,3,1,47,24,23.50,53,88.67,0,0,0,3,0,
Absar Khan (DEN),2021-2021,2,2,1,6,4*,6.00,9,66.66,0,0,0,0,0,
Abul Hasan (BAN),2012-2018,5,2,0,14,9,7.00,11,127.27,0,0,0,2,0,
Abu Jayed (BAN),2018-2018,3,2,0,3,2,1.50,7,42.85,0,0,0,0,0,
AG Achar (SGP),2019-2020,5,2,2,2,2*,-,2,100.00,0,0,0,0,0,
AR Adams (NZ),2005-2006,4,2,1,13,7,13.00,12,108.33,0,0,0,1,0,
BP Adapaka (HUN),2022-2022,13,5,3,5,2,2.50,16,31.25,0,0,0,0,0,
Abdul Hashmi (DEN),2019-2022,12,8,2,79,31,13.16,80,98.75,0,0,1,4,0,
Adel Kolasangiani (Iran),2020-2020,1,1,1,2,2*,-,4,50.00,0,0,0,0,0,
Adil Butt (Saudi),2020-2020,3,2,1,8,6*,8.00,10,80.00,0,0,0,0,0,
Adil Hanif (BHR),2019-2019,4,2,0,24,16,12.00,23,104.34,0,0,0,3,0,
Adnan Mufti (UAE),2017-2017,1,1,1,6,6*,-,7,85.71,0,0,0,0,0,
Adnan Razzaq (Belg),2021-2021,1,1,0,1,1,1.00,4,25.00,0,0,0,0,0,
N Advani (GIBR),2019-2022,6,3,0,2,2,0.66,10,20.00,0,0,2,0,0,
Aftab Ahmed (2) (DEN),2019-2021,4,3,0,15,10,5.00,27,55.55,0,0,0,1,0,
Aftab Alam (AFG),2012-2018,12,5,3,2,1*,1.00,9,22.22,0,0,1,0,0,
Aftab Hussain (HKG),2020-2022,10,3,3,7,5*,-,5,140.00,0,0,0,1,0,
Aftab Kayani (ROM),2020-2022,8,3,0,32,20,10.66,32,100.00,0,0,0,3,0,
AB Agarkar (INDIA),2006-2007,4,2,0,15,14,7.50,11,136.36,0,0,0,2,0,
GJ Agius (MLT),2019-2019,2,2,0,3,3,1.50,15,20.00,0,0,1,0,0,
P Agnihotri (NOR),2019-2019,2,2,0,25,19,12.50,36,69.44,0,0,0,2,0,
N Ahir (PNM),2021-2021,5,3,1,20,20*,10.00,57,35.08,0,0,2,3,0,
A Ahmadhel (BUL),2019-2021,9,7,1,31,15,5.16,44,70.45,0,0,1,3,0,
Ahmadullah Shinwari (NOR),2021-2022,10,5,0,13,7,2.60,19,68.42,0,0,2,0,0,
KK Ahmed (INDIA),2018-2019,14,1,1,1,1*,-,1,100.00,0,0,0,0,0,
RI Ahmed (NED),2015-2015,2,2,0,38,25,19.00,50,76.00,0,0,0,2,0,
Ahmed Wardak (GER),2019-2022,11,5,3,37,20*,18.50,55,67.27,0,0,0,3,0,
Ahmer Bin (BHR),2022-2022,2,2,0,24,14,12.00,22,109.09,0,0,0,2,0,
Ahsan Ali (PAK),2020-2020,2,2,0,36,36,18.00,39,92.30,0,0,1,4,0,
Ahsan Khan (BUL),2021-2022,12,4,3,27,16*,27.00,20,135.00,0,0,0,2,0,
Ali Waqar (CZK-R),2021-2021,6,3,0,23,15,7.66,30,76.66,0,0,0,2,0,
Ainool Haqqiem (MAL),2019-2019,4,2,1,20,12,20.00,20,100.00,0,0,0,1,0,
Aizaz Cheema (PAK),2011-2012,5,1,1,0,0*,-,3,0.00,0,0,0,0,0,
Akramullah Malikzada (HUN),2022-2022,5,2,1,0,0*,0.00,2,0.00,0,0,1,0,0,
C Akyuz (TKY),2019-2019,1,1,0,0,0,0.00,1,0.00,0,0,1,0,0,
J Alegra (PHI),2022-2022,5,4,1,48,27*,16.00,72,66.66,0,0,0,2,0,
Ali Ivan (Mald),2019-2019,1,1,0,11,11,11.00,39,28.20,0,0,0,0,0,
Ali Abbas (Saudi),2020-2020,1,1,1,4,4*,-,4,100.00,0,0,0,0,0,
Ali Khan (USA),2021-2022,6,2,1,0,0*,0.00,2,0.00,0,0,1,0,0,
Ali Naqi (PORT),2019-2019,4,1,1,0,0*,-,0,-,0,0,0,0,0,
Ali Mohammadipour (Iran),2020-2020,3,3,1,41,19,20.50,44,93.18,0,0,0,6,0,
Ali Yalmaz (HUN),2021-2022,9,8,1,22,8,3.14,39,56.41,0,0,2,0,0,
DI Allan (KENYA),2012-2013,10,10,0,86,18,8.60,135,63.70,0,0,0,7,0,
J Allen (BRA),2019-2019,2,2,1,1,1*,1.00,4,25.00,0,0,1,0,0,
HS Alta (TKY),2019-2019,4,4,1,1,1*,0.33,10,10.00,0,0,3,0,0,
Al-Amin Hossain (BAN),2013-2020,31,6,4,7,5*,3.50,12,58.33,0,0,1,1,0,
A Amado (ISR),2022-2022,3,3,0,25,16,8.33,37,67.56,0,0,0,3,0,
RGA Amah (CAM),2021-2022,7,7,0,71,18,10.14,113,62.83,0,0,0,6,0,
Ameel Mauroof (Mald),2019-2022,20,15,8,74,15*,10.57,113,65.48,0,0,1,4,0,
Ameer Saiyed (BOT),2019-2019,4,3,0,38,22,12.66,47,80.85,0,0,0,4,0,
AN Aminou (CAM),2022-2022,3,3,1,1,1*,0.50,5,20.00,0,0,2,0,0,
Aminullah Tanha (NOR),2022-2022,3,3,0,5,4,1.66,17,29.41,0,0,1,1,0,
Aminul Islam (BAN),2019-2021,10,7,4,35,9,11.66,41,85.36,0,0,0,4,0,
Amir Hayat (UAE),2018-2019,4,2,0,3,3,1.50,6,50.00,0,0,1,0,0,
Amjad Ali (UAE),2014-2015,5,5,1,42,20,10.50,52,80.76,0,0,0,6,0,
Ammar Zuhdi Hazalan (MAL),2022-2022,3,1,0,0,0,0.00,3,0.00,0,0,1,0,0,
Anam Mollik (ITA),2019-2019,2,1,0,9,9,9.00,10,90.00,0,0,0,1,0,
Aanand Pandey (LUX),2021-2021,3,1,0,15,15,15.00,13,115.38,0,0,0,1,0,
Anas Khan (HKG),2014-2014,1,1,1,21,21*,-,28,75.00,0,0,0,2,0,
J Anderson (IRE),2015-2015,4,2,0,12,9,6.00,18,66.66,0,0,0,1,0,
JM Anderson (ENG),2007-2009,19,4,3,1,1*,1.00,2,50.00,0,0,1,0,0,
A Andrews (SUI),2021-2022,7,4,2,34,30*,17.00,40,85.00,0,0,1,3,0,
Andrey Lilov (BUL),2021-2021,4,1,0,0,0,0.00,2,0.00,0,0,1,0,0,
B Angeltti (Arg),2019-2021,4,1,0,1,1,1.00,4,25.00,0,0,0,0,0,
Anik Ahmed (ITA),2022-2022,4,4,2,53,26*,26.50,58,91.37,0,0,1,2,0,
R Ankad (Mex),2019-2019,8,7,3,68,40*,17.00,72,94.44,0,0,2,7,0,
Ankit Dubey (SWE),2022-2022,2,1,1,5,5*,-,3,166.66,0,0,0,0,0,
DNA Ankrah (Ghana),2019-2019,4,3,0,22,12,7.33,43,51.16,0,0,0,2,0,
Anmoldeep Singh (ITA),2022-2022,4,1,0,2,2,2.00,7,28.57,0,0,0,0,0,
M Ansari (OMA),2015-2016,11,4,4,5,3*,-,10,50.00,0,0,0,0,0,
Ansh Tandon (UAE),2020-2020,1,1,0,14,14,14.00,9,155.55,0,0,0,3,0,
Anwar Rahman (MAL),2019-2022,18,7,3,9,3*,2.25,23,39.13,0,0,1,0,0,
MA Aponso (SL),2018-2018,3,1,0,0,0,0.00,2,0.00,0,0,1,0,0,
Apon Mustafizur (SRB),2019-2021,4,4,0,11,11,2.75,37,29.72,0,0,3,2,0,
S Appu (MLT),2019-2019,4,4,1,8,6,2.66,14,57.14,0,0,0,0,0,
S Arachchige (ITA),2019-2019,4,1,0,0,0,0.00,2,0.00,0,0,1,0,0,
SRMJJ Arachchilage (CYP),2022-2022,4,3,2,6,6,6.00,12,50.00,0,0,0,0,0,
Areeb Quadir (Fin),2019-2019,2,1,0,2,2,2.00,12,16.66,0,0,0,0,0,
Ariful Haque (BAN),2018-2018,9,8,4,59,18*,14.75,61,96.72,0,0,1,4,0,
V Aritharan (GER),2022-2022,1,1,0,7,7,7.00,11,63.63,0,0,0,0,0,
RP Arnold (SL),2006-2006,1,1,0,7,7,7.00,7,100.00,0,0,0,0,0,
P Arrighi (Arg),2019-2019,5,4,0,16,11,4.00,46,34.78,0,0,1,0,0,
Arsalan Arif (Aut),2019-2022,3,2,1,53,27,53.00,39,135.89,0,0,0,9,0,
Arshad Hayat (CZK-R),2019-2019,7,2,0,2,2,1.00,7,28.57,0,0,1,0,0,
Arshad Iqbal (PAK),2021-2021,1,1,0,0,0,0.00,1,0.00,0,0,1,0,0,
Arshad Mazarzei (Iran),2020-2020,3,3,0,7,5,2.33,40,17.50,0,0,0,1,0,
Arshdeep Singh (INDIA),2022-2022,19,4,4,6,2*,-,4,150.00,0,0,0,0,0,
Arslan Ahmed (PORT),2019-2019,3,3,0,12,11,4.00,32,37.50,0,0,1,1,0,
GD Arta (INA),2022-2022,2,1,0,17,17,17.00,33,51.51,0,0,0,2,0,
Asad Ali Rehemtulla (BUL),2020-2022,16,11,4,42,16,6.00,55,76.36,0,0,3,3,0,
Asad Mohammad (GER),2019-2021,11,4,1,12,5,4.00,12,100.00,0,0,0,2,0,
Ashiqullah Said (Belg),2019-2021,12,6,2,17,9,4.25,16,106.25,0,0,1,2,0,
Ashish Rana (EST),2021-2022,5,3,2,13,8*,13.00,16,81.25,0,0,0,0,0,
Ashraful Shuvo (EST),2021-2021,3,2,0,7,5,3.50,12,58.33,0,0,0,0,0,
Imran Asif (Aut),2021-2021,3,3,0,16,10,5.33,12,133.33,0,0,0,2,0,
Aslam Doria (PNM),2021-2021,3,1,0,1,1,1.00,6,16.66,0,0,0,0,0,
A Aspiotis (GRC),2019-2019,3,1,1,3,3*,-,4,75.00,0,0,0,0,0,
TD Astle (NZ),2016-2021,5,2,0,4,3,2.00,10,40.00,0,0,0,0,0,
Aswad Khan (BUL),2021-2021,3,1,0,0,0,0.00,0,-,0,0,1,0,0,
MS Atapattu (SL),2006-2006,2,1,0,5,5,5.00,8,62.50,0,0,0,0,0,
V Ateak (Ghana),2019-2019,4,1,1,1,1*,-,2,50.00,0,0,0,0,0,
Atif-Ur-Rehman (Saudi),2022-2022,2,1,1,6,6*,-,7,85.71,0,0,0,0,0,
MS Aulakh (CAN),2012-2013,3,1,0,0,0,0.00,2,0.00,0,0,1,0,0,
R Avery (BRA),2019-2019,4,3,0,10,9,3.33,24,41.66,0,0,1,0,0,
Awais Ikram (SVN),2022-2022,2,2,0,4,2,2.00,6,66.66,0,0,0,0,0,
Awais Malik (QAT),2019-2020,18,7,0,17,9,2.42,27,62.96,0,0,3,1,0,
KM Awala (Ghana),2022-2022,2,1,0,0,0,0.00,1,0.00,0,0,1,0,0,
G Axtell (BHR),2022-2022,2,1,1,0,0*,-,2,0.00,0,0,0,0,0,
Ayush Ummat (EST),2021-2021,1,1,0,0,0,0.00,5,0.00,0,0,1,0,0,
Ayyaz Qureshi (SVN),2022-2022,4,4,0,55,30,13.75,73,75.34,0,0,0,5,0,
Azam Khan (PAK),2021-2021,3,2,1,6,5*,6.00,7,85.71,0,0,0,1,0,
Azeem Nazir (SUI),2022-2022,4,2,0,36,36,18.00,42,85.71,0,0,1,5,0,
Aziz Sualley (Ghana),2021-2022,5,2,2,4,4*,-,1,400.00,0,0,0,1,0,
F Baaleri (Ghana),2019-2019,4,4,0,42,17,10.50,60,70.00,0,0,0,6,0,
R Baaleri (Ghana),2021-2022,4,3,0,4,2,1.33,16,25.00,0,0,0,0,0,
Babar Ali (BHR),2019-2019,3,1,1,1,1*,-,1,100.00,0,0,0,0,0,
S Badrinath (INDIA),2011-2011,1,1,0,43,43,43.00,37,116.21,0,0,0,5,0,
KS Bagabena (Ghana),2019-2022,18,8,3,54,23*,10.80,58,93.10,0,0,1,2,0,
A Bagai (CAN),2008-2013,9,9,2,284,67*,40.57,249,114.05,0,2,0,27,0,
C Bah (SLE),2021-2021,2,1,0,2,2,2.00,3,66.66,0,0,0,0,0,
MA Baig (MWI),2019-2022,16,12,5,179,74,25.57,180,99.44,0,1,3,20,0,
G Bakiweyem (Ghana),2019-2021,12,6,4,28,15*,14.00,40,70.00,0,0,0,0,0,
KF Bakiweyem (Ghana),2021-2021,3,3,1,13,11*,6.50,27,48.14,0,0,1,0,0,
AR Balla (CAM),2021-2022,3,3,1,2,2,1.00,11,18.18,0,0,1,0,0,
CT Bancroft (AUS),2016-2016,1,1,1,0,0*,-,0,-,0,0,0,0,0,
HMCM Bandara (SL),2006-2009,4,3,1,12,7,6.00,15,80.00,0,0,0,0,0,
KMC Bandara (SL),2016-2016,1,1,1,2,2*,-,4,50.00,0,0,0,0,0,
B Banerjee (Mex),2019-2019,6,4,2,8,6*,4.00,19,42.10,0,0,2,0,0,
S Bangera (ISR),2022-2022,3,3,0,27,23,9.00,22,122.72,0,0,1,5,0,
NN Banner (Blz),2021-2021,2,2,1,4,4,4.00,8,50.00,0,0,0,0,0,
F Banunaek (INA),2022-2022,5,2,0,4,4,2.00,14,28.57,0,0,1,0,0,
AB Barath (WI),2010-2011,2,2,0,23,15,11.50,39,58.97,0,0,0,3,0,
I Bardis (GRC),2022-2022,2,2,1,2,2*,2.00,6,33.33,0,0,1,0,0,
LJ Barker (GUE),2019-2020,10,8,0,63,20,7.87,69,91.30,0,0,3,8,0,
GEF Barnett (CAN),2008-2010,5,5,1,131,36,32.75,136,96.32,0,0,0,16,0,
JR Barry (Bhm),2021-2021,6,6,0,72,22,12.00,93,77.41,0,0,1,9,0,
MC Bascombe (WI),2011-2011,1,1,0,3,3,3.00,7,42.85,0,0,0,0,0,
OO Bascome (BMUDA),2008-2019,3,3,0,24,16,8.00,29,82.75,0,0,0,3,0,
Bashir Shah (DEN),2019-2021,9,4,3,3,1*,3.00,7,42.85,0,0,1,0,0,
Basir Ahamad (NEPAL),2022-2022,2,1,1,0,0*,-,1,0.00,0,0,0,0,0,
RR Bastiansz (MLT),2022-2022,2,2,0,10,6,5.00,12,83.33,0,0,0,2,0,
GJ Batty (ENG),2009-2009,1,1,0,4,4,4.00,7,57.14,0,0,0,0,0,
CS Baugh (WI),2008-2012,3,3,0,10,7,3.33,12,83.33,0,0,0,1,0,
Baz Aybui (SWE),2021-2022,10,3,2,8,5*,8.00,24,33.33,0,0,0,0,0,
RR Behera (USA),2021-2021,2,2,0,16,16,8.00,27,59.25,0,0,1,1,0,
JP Behrendorff (AUS),2017-2021,9,1,0,5,5,5.00,7,71.42,0,0,0,0,0,
HK Bennett (NZ),2020-2021,11,2,2,1,1*,-,2,50.00,0,0,0,0,0,
DE Bernard (WI),2009-2009,1,1,1,1,1*,-,1,100.00,0,0,0,0,0,
A Bhagwat (HKG),2019-2019,4,4,0,5,3,1.25,16,31.25,0,0,1,0,0,
M Bhanuka (SL),2019-2021,5,4,0,64,36,16.00,66,96.96,0,0,1,7,0,
SVE Bharathi (GER),2020-2022,25,5,1,3,2*,0.75,12,25.00,0,0,3,0,0,
P Bharat Patel (PNM),2019-2019,2,1,1,4,4*,-,7,57.14,0,0,0,0,0,
A Bhargava (SGP),2022-2022,2,2,1,7,5,7.00,6,116.66,0,0,0,1,0,
S Bhari (NEPAL),2019-2021,9,5,3,1,1*,0.50,7,14.28,0,0,2,0,0,
P Bhart (NOR),2019-2021,10,4,2,5,2*,2.50,25,20.00,0,0,1,0,0,
A Bhattarai (NEPAL),2014-2014,1,1,0,2,2,2.00,3,66.66,0,0,0,0,0,
RA Bhatti (CAN),2012-2012,4,4,1,25,11*,8.33,37,67.56,0,0,1,1,0,
LT Bichard (GUE),2020-2022,11,1,1,2,2*,-,3,66.66,0,0,0,0,0,
Bilal Aftab (DEN),2021-2021,3,2,1,2,1*,2.00,3,66.66,0,0,0,0,0,
Bilal Hassun (UGA),2021-2022,14,5,3,7,4*,3.50,11,63.63,0,0,1,0,0,
Bilal Khan (OMA),2015-2022,48,17,11,25,6*,4.16,42,59.52,0,0,4,1,0,
D Birrell (JER),2021-2022,5,1,1,1,1*,-,3,33.33,0,0,0,0,0,
A Bishnoi (MLT),2021-2021,7,4,1,4,3*,1.33,8,50.00,0,0,2,0,0,
KK Bishnoi (BRA),2019-2019,3,2,1,16,14,16.00,18,88.88,0,0,0,1,0,
D Bishoo (WI),2011-2019,7,4,2,17,8,8.50,29,58.62,0,0,1,2,0,
WK Bitis (CRT),2022-2022,3,2,0,1,1,0.50,7,14.28,0,0,1,0,0,
JAR Blain (SCOT),2007-2008,6,3,1,4,3*,2.00,5,80.00,0,0,1,0,0,
DG Blampied (JER),2019-2022,31,24,10,278,43*,19.85,285,97.54,0,0,2,17,0,
AM Blignaut (ZIM),2010-2010,1,1,0,8,8,8.00,8,100.00,0,0,0,1,0,
TA Blundell (NZ),2017-2021,7,6,2,59,30*,14.75,75,78.66,0,0,0,4,0,
GH Bodi (SA),2007-2007,1,1,0,8,8,8.00,25,32.00,0,0,0,0,0,
C Bogdanos (GRC),2022-2022,4,4,1,31,20,10.33,46,67.39,0,0,0,2,0,
S Bogdos (GRC),2022-2022,4,4,0,24,19,6.00,59,40.67,0,0,0,1,0,
PRP Boissevain (NED),2019-2021,7,3,1,14,7*,7.00,19,73.68,0,0,1,1,0,
DE Bollinger (AUS),2011-2014,9,2,2,1,1*,-,1,100.00,0,0,0,0,0,
SE Bond (NZ),2005-2010,20,8,3,21,8*,4.20,21,100.00,0,0,2,2,0,
NE Bonner (WI),2011-2012,2,2,0,27,24,13.50,38,71.05,0,0,0,2,0,
SG Borthwick (ENG),2011-2011,1,1,0,14,14,14.00,16,87.50,0,0,0,2,0,
TA Boult (NZ),2013-2022,55,12,7,32,8,6.40,42,76.19,0,0,1,2,0,
CJ Boyce (AUS),2014-2016,7,2,1,4,3,4.00,7,57.14,0,0,0,0,0,
NW Bracken (AUS),2006-2009,19,6,3,15,4*,5.00,22,68.18,0,0,1,1,0,
IDR Bradshaw (WI),2006-2006,1,1,1,0,0*,-,0,-,0,0,0,0,0,
R Brar (CYP),2021-2021,1,1,0,0,0,0.00,2,0.00,0,0,1,0,0,
M Brasier (Fin),2022-2022,1,1,1,1,1*,-,3,33.33,0,0,0,0,0,
JP Bray (IRE),2009-2009,2,2,0,2,2,1.00,17,11.76,0,0,1,0,0,
GB Brent (ZIM),2006-2007,3,1,0,2,2,2.00,5,40.00,0,0,0,0,0,
DR Briggs (ENG),2012-2014,7,1,1,0,0*,-,0,-,0,0,0,0,0,
CA Brown (Blz),2021-2021,4,4,0,46,27,11.50,61,75.40,0,0,0,6,0,
DR Brown (SCOT),2007-2007,2,1,0,1,1,1.00,5,20.00,0,0,0,0,0,
PR Brown (ENG),2019-2019,4,1,1,4,4*,-,9,44.44,0,0,0,0,0,
S Browne (LUX),2020-2020,4,4,0,41,21,10.25,49,83.67,0,0,1,4,0,
DG Brownlie (NZ),2010-2014,5,5,0,6,5,1.20,18,33.33,0,0,3,1,0,
PL Bruno (Arg),2021-2021,6,5,1,56,27,14.00,79,70.88,0,0,0,2,0,
N Buckle (GUE),2019-2019,3,1,1,1,1*,-,1,100.00,0,0,0,0,0,
NB Budayair (NEPAL),2014-2014,4,3,1,7,5,3.50,19,36.84,0,0,1,0,0,
IW Budiarta (INA),2022-2022,3,2,1,4,4*,4.00,4,100.00,0,0,1,1,0,
JJ Bumrah (INDIA),2016-2022,60,7,5,8,7,4.00,13,61.53,0,0,1,1,0,
T Buri (THAI),2022-2022,1,1,0,2,2,2.00,6,33.33,0,0,0,0,0,
DE Burgess (Samoa),2019-2019,4,4,0,6,3,1.50,12,50.00,0,0,2,0,0,
Z Burgess (BMUDA),2021-2021,3,1,0,4,4,4.00,5,80.00,0,0,0,0,0,
JA Burrows (IOM),2020-2022,10,5,0,5,3,1.00,10,50.00,0,0,2,0,0,
K Burrows (Bhm),2022-2022,1,1,0,4,4,4.00,8,50.00,0,0,0,0,0,
IG Butler (NZ),2009-2013,19,6,5,5,2*,5.00,10,50.00,0,0,0,0,0,
J Butler (IOM),2020-2022,10,1,1,2,2*,-,3,66.66,0,0,0,0,0,
AF Buurman (NED),2010-2010,4,2,0,0,0,0.00,4,0.00,0,0,2,0,0,
S Byrne (MLT),2019-2019,2,2,0,3,3,1.50,9,33.33,0,0,1,0,0,
P Byron (SEY),2021-2021,1,1,0,0,0,0.00,1,0.00,0,0,1,0,0,
P Cabebula (Fiji),2022-2022,6,6,1,6,5*,1.20,14,42.85,0,0,4,1,0,
CL Cairns (NZ),2005-2006,2,2,0,3,2,1.50,13,23.07,0,0,0,0,0,
JD Campbell (WI),2019-2019,2,2,0,11,11,5.50,16,68.75,0,0,1,2,0,
RJ Campbell (HKG),2016-2016,3,3,0,36,27,12.00,47,76.59,0,0,1,6,0,
L Canessane (Fran),2021-2022,7,7,2,36,15,7.20,42,85.71,0,0,0,1,0,
FE Carava (MOZ),2021-2022,9,3,0,6,4,2.00,20,30.00,0,0,0,0,0,
MA Carberry (ENG),2014-2014,1,1,0,7,7,7.00,7,100.00,0,0,0,1,0,
Y Cariah (WI),2022-2022,2,2,2,3,2*,-,4,75.00,0,0,0,0,0,
C Carter (HKG),2015-2017,10,5,1,55,17,13.75,63,87.30,0,0,0,3,0,
NM Carter (SCOT),2013-2013,7,2,0,4,3,2.00,12,33.33,0,0,0,0,0,
A Carthew (Chile),2019-2019,4,1,1,2,2*,-,2,100.00,0,0,0,0,0,
T Caruana (GIBR),2019-2019,2,1,0,5,5,5.00,13,38.46,0,0,0,0,0,
D Cato (Caym),2019-2019,3,3,0,30,20,10.00,59,50.84,0,0,0,2,0,
K Cawte (IOM),2022-2022,5,1,1,0,0*,-,0,-,0,0,0,0,0,
JJ Celestine (BMUDA),2008-2008,3,3,0,9,7,3.00,17,52.94,0,0,1,0,0,
YS Chahal (INDIA),2016-2022,69,4,2,5,3*,2.50,11,45.45,0,0,0,0,0,
RD Chahar (INDIA),2019-2021,6,1,0,5,5,5.00,5,100.00,0,0,0,1,0,
TD Chaoana (LES),2021-2021,5,3,2,24,19*,24.00,29,82.75,0,0,0,2,0,
Charanjeet Singh (ITA),2019-2019,3,2,2,8,8*,-,9,88.88,0,0,0,1,0,
BB Chari (ZIM),2019-2019,3,3,0,21,19,7.00,31,67.74,0,0,1,4,0,
PKD Chase (IRE),2018-2019,12,5,4,7,4,7.00,13,53.84,0,0,0,1,0,
RL Chase (WI),2021-2022,6,5,0,64,39,12.80,73,87.67,0,0,1,6,0,
TL Chatara (ZIM),2010-2022,47,11,5,42,8,7.00,57,73.68,0,0,2,2,0,
PP Chawla (INDIA),2010-2012,7,1,0,0,0,0.00,1,0.00,0,0,1,0,0,
N Chejay (BHU),2019-2022,6,5,1,21,13,5.25,43,48.83,0,0,2,2,0,
JF Chester (SWA),2021-2021,4,3,2,0,0*,0.00,6,0.00,0,0,1,0,0,
C Chete (MWI),2019-2022,11,3,0,0,0,0.00,6,0.00,0,0,3,0,0,
M Choamba (MWI),2021-2022,5,1,1,2,2*,-,15,13.33,0,0,0,0,0,
G Chohan (PHI),2022-2022,5,3,1,25,17,12.50,29,86.20,0,0,0,2,0,
S Chophel (BHU),2019-2019,1,1,1,2,2*,-,5,40.00,0,0,0,0,0,
F Choudary (SWE),2022-2022,2,1,1,0,0*,-,1,0.00,0,0,0,0,0,
DO Christian (WI),2011-2011,2,1,0,0,0,0.00,2,0.00,0,0,1,0,0,
K Christie (HKG),2019-2019,11,4,2,15,11*,7.50,20,75.00,0,0,0,0,0,
I Civric (SRB),2019-2019,1,1,0,0,0,0.00,1,0.00,0,0,1,0,0,
SL Clephane (CZK-R),2022-2022,2,2,1,1,1,1.00,6,16.66,0,0,0,0,0,
GL Cloete (SA),2018-2019,2,2,0,15,13,7.50,15,100.00,0,0,0,2,0,
FRJ Coleman (SCOT),2013-2013,1,1,0,9,9,9.00,13,69.23,0,0,0,1,0,
LA Collado (GIBR),2019-2021,9,5,3,24,8,12.00,41,58.53,0,0,1,1,0,
PC Connell (IRE),2008-2010,9,3,2,4,3*,4.00,7,57.14,0,0,1,0,0,
S Conteh (SLE),2021-2021,10,10,0,95,34,9.50,158,60.12,0,0,3,7,0,
AN Cook (ENG),2007-2009,4,4,0,61,26,15.25,54,112.96,0,0,0,10,0,
M Cope (LUX),2019-2021,10,7,4,42,15*,14.00,45,93.33,0,0,0,5,0,
SS Cottrell (WI),2014-2022,42,10,6,18,4*,4.50,29,62.06,0,0,1,2,0,
J Clough (IOM),2022-2022,1,1,0,9,9,9.00,13,69.23,0,0,0,0,0,
AG Cremer (ZIM),2008-2018,29,19,6,68,17,5.23,102,66.66,0,0,2,2,0,
T Cross (EST),2021-2021,2,2,0,6,5,3.00,12,50.00,0,0,0,0,0,
R Cunningham (GIBR),2021-2022,7,3,3,10,7*,-,13,76.92,0,0,0,0,0,
DDP D'Silva (UAE),2019-2019,10,8,4,130,29,32.50,146,89.04,0,0,1,9,0,
DK Dahani (Iran),2020-2020,3,3,0,7,4,2.33,8,87.50,0,0,1,1,0,
DK Dahyabhai Ahir (PNM),2019-2019,2,1,0,7,7,7.00,10,70.00,0,0,0,1,0,
MD Dai (PNG),2015-2017,9,8,0,105,31,13.12,128,82.03,0,0,0,4,0,
H Dajc (SRB),2019-2019,2,2,1,2,2*,2.00,3,66.66,0,0,1,0,0,
CJ Dala (SA),2018-2021,10,4,3,19,12*,19.00,28,67.85,0,0,0,1,0,
JWM Dalrymple (ENG),2006-2007,3,3,0,60,32,20.00,57,105.26,0,0,0,6,0,
S Dalton (CZK-R),2019-2019,2,1,0,0,0,0.00,1,0.00,0,0,1,0,0,
A Dananjaya (SL),2012-2021,31,15,7,61,11*,7.62,71,85.91,0,0,2,6,0,
P Danci (ROM),2019-2020,4,3,1,19,12,9.50,26,73.07,0,0,0,3,0,
H Dandapani (Fin),2019-2021,7,3,2,8,5,8.00,15,53.33,0,0,0,0,0,
JC Darji (TAN),2021-2022,8,7,0,39,16,5.57,55,70.90,0,0,3,5,0,
R Drake (JAPAN),2022-2022,1,1,1,1,1*,-,1,100.00,0,0,0,0,0,
IK Darmawan (INA),2022-2022,2,2,0,25,16,12.50,33,75.75,0,0,0,3,0,
BJ Davidson (SRB),2021-2021,4,4,0,27,18,6.75,46,58.69,0,0,1,4,0,
SM Davies (ENG),2009-2011,5,5,0,102,33,20.40,82,124.39,0,0,0,12,0,
R Davson (Bhm),2021-2022,6,5,1,17,7,4.25,32,53.12,0,0,0,0,0,
Dawlat Ahmadzai (AFG),2010-2010,2,1,1,2,2*,-,3,66.66,0,0,0,0,0,
Dawood Ahmadzai (Fran),2021-2022,9,4,3,5,3,5.00,18,27.77,0,0,0,0,0,
AS Dean (CAN),2008-2013,2,2,0,8,7,4.00,10,80.00,0,0,0,0,0,
S Delai (Fiji),2022-2022,1,1,0,16,16,16.00,29,55.17,0,0,0,3,0,
DC Delany (IRE),2019-2019,8,2,0,7,7,3.50,6,116.66,0,0,1,0,0,
D de la Puente (Peru),2019-2019,2,2,1,3,2*,3.00,7,42.85,0,0,0,0,0,
N Deonarine (WI),2010-2013,8,7,2,55,36*,11.00,53,103.77,0,0,3,5,0,
JW Dernbach (ENG/ITA),2011-2021,40,10,4,31,12,5.16,32,96.87,0,0,1,4,0,
PA Desai (CAN),2012-2012,1,1,1,4,4*,-,7,57.14,0,0,0,0,0,
PC de Silva (SL),2017-2017,2,2,0,22,21,11.00,22,100.00,0,0,0,1,0,
ST de Silva (SL),2017-2017,3,2,0,3,3,1.50,7,42.85,0,0,1,0,0,
S Desungnoen (THAI),2020-2022,7,7,2,15,6,3.00,53,28.30,0,0,1,0,0,
N Dhamba (OMA),2022-2022,1,1,0,3,3,3.00,6,50.00,0,0,0,0,0,
R Dhawan (INDIA),2016-2016,1,1,1,1,1*,-,2,50.00,0,0,0,0,0,
R Dhiman (BUL),2022-2022,4,3,1,17,9*,8.50,17,100.00,0,0,0,1,0,
Dhiman Ghosh (BAN),2008-2008,1,1,0,1,1,1.00,2,50.00,0,0,0,0,0,
A Dhingra (LUX),2021-2022,10,2,1,1,1,1.00,3,33.33,0,0,0,0,0,
SDJJ Dima (MOZ),2019-2022,15,8,1,23,9,3.28,56,41.07,0,0,2,0,0,
AB Dinda (INDIA),2009-2012,9,2,1,22,19,22.00,24,91.66,0,0,0,1,0,
N Dipakkumar Patel (PNM),2019-2019,3,1,0,0,0,0.00,0,-,0,0,1,0,0,
HH Dippenaar (SA),2006-2006,1,1,0,1,1,1.00,5,20.00,0,0,0,0,0,
Divyendra Singh (CZK-R),2022-2022,9,5,0,32,9,6.40,41,78.04,0,0,0,3,0,
A Djorovic (SRB),2019-2022,9,6,3,32,15,10.66,61,52.45,0,0,0,4,0,
BM Dlamini (SWZ),2022-2022,5,5,0,14,10,2.80,26,53.84,0,0,3,3,0,
W Dlamini (SWZ),2022-2022,5,5,0,24,12,4.80,22,109.09,0,0,0,4,0,
KK Dobell (JAPAN),2022-2022,3,2,1,3,3*,3.00,6,50.00,0,0,1,0,0,
XJ Doherty (AUS),2012-2013,11,4,3,18,9*,18.00,17,105.88,0,0,0,1,0,
MR Dorgan (SRB),2021-2021,3,2,1,7,4,7.00,15,46.66,0,0,0,0,0,
JN Dorji (BHU),2019-2019,1,1,0,0,0,0.00,0,-,0,0,1,0,0,
U Dorji (BHU),2019-2019,2,2,0,16,8,8.00,17,94.11,0,0,0,2,0,
TM Dowlin (WI),2009-2010,2,2,1,68,37*,68.00,69,98.55,0,0,0,8,0,
DC Drakes (WI),2021-2022,10,5,0,15,5,3.00,19,78.94,0,0,1,3,0,
S Draunivudi (Fiji),2022-2022,3,1,1,6,6*,-,4,150.00,0,0,0,1,0,
GD Drummond (SCOT),2008-2013,17,7,0,54,35,7.71,65,83.07,0,0,2,3,0,
JA Duffy (NZ),2020-2022,8,1,0,3,3,3.00,5,60.00,0,0,0,0,0,
B Dugic (SRB),2019-2022,5,2,0,1,1,0.50,5,20.00,0,0,1,0,0,
JSE Dunford (JER),2019-2022,31,17,9,148,45*,18.50,157,94.26,0,0,4,14,0,
AB Dursak (TKY),2019-2019,4,4,0,4,3,1.00,24,16.66,0,0,2,0,0,
A Dutt (NED),2021-2022,5,1,0,0,0,0.00,3,0.00,0,0,1,0,0,
G Dutta (Mex),2019-2019,7,6,0,14,8,2.33,28,50.00,0,0,3,1,0,
N Dutta (CAN),2019-2022,12,3,2,15,12,15.00,13,115.38,0,0,0,1,0,
BJ Dwarshuis (AUS),2022-2022,1,1,1,0,0*,-,2,0.00,0,0,0,0,0,
V Dwivedi (EST),2022-2022,2,2,1,12,7,12.00,18,66.66,0,0,0,1,0,
KR Ebanks (Caym),2019-2019,5,4,0,15,8,3.75,27,55.55,0,0,1,1,0,
J Edness (BMUDA),2008-2008,3,3,0,13,9,4.33,28,46.42,0,0,1,0,0,
FH Edwards (WI),2007-2021,26,6,4,11,7*,5.50,14,78.57,0,0,1,1,0,
Ehsan Nawaz (HKG),2014-2017,5,1,0,0,0,0.00,2,0.00,0,0,1,0,0,
I Elec (TKY),2022-2022,4,4,0,10,5,2.50,29,34.48,0,0,1,0,0,
Elias Sunny (BAN),2012-2012,7,4,2,9,5,4.50,9,100.00,0,0,0,1,0,
NT Ellis (AUS),2021-2022,5,2,0,1,1,0.50,9,11.11,0,0,1,0,0,
C Emmott (Chile),2019-2019,2,2,0,4,4,2.00,11,36.36,0,0,1,0,0,
Emran Shahbakhsh (Iran),2020-2020,3,3,1,2,2*,1.00,8,25.00,0,0,2,0,0,
GDR Eranga (CAN),2019-2019,9,1,0,1,1,1.00,1,100.00,0,0,0,0,0,
RMS Eranga (SL),2012-2013,3,1,0,6,6,6.00,7,85.71,0,0,0,1,0,
Eric Phiri (SWZ),2022-2022,6,6,0,28,10,4.66,40,70.00,0,0,0,4,0,
E Ernest (SLE),2021-2021,10,7,2,30,14,6.00,50,60.00,0,0,3,2,0,
AC Evans (SCOT),2015-2022,35,10,2,10,8,1.25,17,58.82,0,0,6,1,0,
J Evans (ISR),2022-2022,4,4,0,33,24,8.25,31,106.45,0,0,1,4,0,
L Evile (Samoa),2019-2019,4,1,0,6,6,6.00,7,85.71,0,0,0,1,0,
Fahad Ali (BRA),2019-2019,3,3,0,3,2,1.00,14,21.42,0,0,1,0,0,
M Faheem (THAI),2019-2020,7,3,0,3,2,1.00,7,42.85,0,0,1,0,0,
Faizan Mumtaz (NOR),2021-2021,3,3,0,6,4,2.00,15,40.00,0,0,1,0,0,
M Faraz Akram (ZIM),2020-2021,2,1,1,2,2*,-,4,50.00,0,0,0,0,0,
Fareed Ahmad (AFG),2016-2022,22,3,3,27,24*,-,24,112.50,0,0,0,4,0,
Farhan Ahmed (UAE),2016-2016,3,1,0,4,4,4.00,8,50.00,0,0,0,0,0,
IM Farrell (GIBR),2022-2022,1,1,0,0,0,0.00,2,0.00,0,0,1,0,0,
Fawad Ahmed (AUS),2013-2013,2,1,1,3,3*,-,5,60.00,0,0,0,0,0,
Fayaz Mohammad (BUL),2020-2022,5,4,1,26,12,8.66,19,136.84,0,0,0,4,0,
Fayyaz Ahmed (UAE),2015-2015,1,1,0,11,11,11.00,12,91.66,0,0,0,2,0,
Fazalhaq Farooqi (AFG),2021-2022,17,2,1,0,0*,0.00,2,0.00,0,0,1,0,0,
Fazal Niazai (AFG),2019-2019,1,1,0,12,12,12.00,15,80.00,0,0,0,1,0,
CJ Ferguson (AUS),2009-2009,3,3,0,16,8,5.33,19,84.21,0,0,1,1,0,
AM Fernando (SL),2022-2022,3,1,1,10,10*,-,3,333.33,0,0,0,2,0,
N Pradeep (SL),2016-2021,16,6,5,10,8*,10.00,15,66.66,0,0,1,1,0,
CRD Fernando (SL),2006-2016,18,7,2,25,21,5.00,27,92.59,0,0,2,4,0,
MVT Fernando (SL),2017-2017,1,1,0,2,2,2.00,2,100.00,0,0,0,0,0,
P Fernando (ITA),2022-2022,2,1,0,0,0,0.00,3,0.00,0,0,1,0,0,
Fiaz Ahmad (KUW),2019-2019,3,1,1,0,0*,-,0,-,0,0,0,0,0,
Fida Hussain (ITA),2019-2019,2,1,1,3,3*,-,4,75.00,0,0,0,0,0,
SE Findlay (WI),2008-2008,2,2,0,32,19,16.00,31,103.22,0,0,0,4,0,
ST Finn (ENG),2011-2015,21,3,3,14,8*,-,19,73.68,0,0,0,1,0,
R Flannigan (SCOT),2012-2012,4,4,1,38,18,12.66,33,115.15,0,0,1,4,0,
SP Fleming (NZ),2005-2006,5,5,0,110,38,22.00,85,129.41,0,0,0,20,0,
K Fletcher (SUI),2022-2022,5,2,0,3,3,1.50,9,33.33,0,0,1,0,0,
P Florin (ROM),2019-2021,16,8,5,26,14,8.66,31,83.87,0,0,1,2,0,
KK Flowers (Blz),2019-2019,3,3,1,20,17,10.00,33,60.60,0,0,1,3,0,
CR Foggo (BMUDA),2008-2008,3,3,0,13,7,4.33,17,76.47,0,0,1,2,0,
M Fontaine (HUN),2021-2022,5,4,1,8,3,2.66,13,61.53,0,0,0,0,0,
BC Fortuin (SA),2019-2021,13,6,2,40,17*,10.00,32,125.00,0,0,1,6,0,
S Franklin (SUI),2021-2021,2,1,0,5,5,5.00,6,83.33,0,0,0,0,0,
TS Fray (BMUDA),2019-2019,10,10,1,73,29,8.11,96,76.04,0,0,3,9,0,
M Fru (CAM),2021-2021,4,4,0,16,13,4.00,31,51.61,0,0,1,1,0,
C Fry (LUX),2019-2019,3,1,0,2,2,2.00,6,33.33,0,0,0,0,0,
Gabor Torok (HUN),2022-2022,1,1,1,0,0*,-,0,-,0,0,0,0,0,
Gagandeep Singh (Ghana),2022-2022,2,2,2,4,3*,-,6,66.66,0,0,0,0,0,
AA Gajic (SRB),2022-2022,5,1,1,3,3*,-,5,60.00,0,0,0,0,0,
S Gajjar (CZK-R),2020-2020,3,3,1,16,14,8.00,22,72.72,0,0,1,1,0,
V Ganesan (GER),2019-2022,29,23,6,216,30,12.70,258,83.72,0,0,0,7,0,
MD Garratt (GIBR),2019-2021,8,4,2,7,4,3.50,21,33.33,0,0,0,0,0,
GHS Garton (ENG),2022-2022,1,1,0,2,2,2.00,4,50.00,0,0,0,0,0,
A Gasteratos (GRC),2022-2022,2,1,0,4,4,4.00,10,40.00,0,0,0,0,0,
S Gasteratos (GRC),2021-2021,4,3,1,23,17*,11.50,33,69.69,0,0,0,3,0,
SP Gauchan (NEPAL),2014-2015,9,5,2,13,6*,4.33,43,30.23,0,0,2,0,0,
A Gavde (Caym),2019-2019,1,1,0,1,1,1.00,6,16.66,0,0,0,0,0,
WT Gavera (PNG),2015-2017,6,2,0,3,2,1.50,6,50.00,0,0,0,0,0,
Gershon Yusuf (NGA),2019-2019,1,1,0,0,0,0.00,1,0.00,0,0,1,0,0,
L Gherasim (ROM),2019-2022,5,1,0,0,0,0.00,1,0.00,0,0,1,0,0,
M Gherasim (ROM),2020-2022,12,3,1,2,2,1.00,6,33.33,0,0,1,0,0,
Ghulam Ahmadi (GER),2021-2022,27,10,9,35,15*,35.00,33,106.06,0,0,0,2,0,
K Gilham (CZK-R),2020-2021,7,4,4,17,10*,-,18,94.44,0,0,0,1,0,
JN Gillespie (AUS),2005-2005,1,1,0,24,24,24.00,18,133.33,0,0,0,4,0,
MR Gillespie (NZ),2006-2008,11,6,4,21,7,10.50,29,72.41,0,0,0,0,0,
RJ Gleeson (ENG),2022-2022,6,2,0,2,2,1.00,4,50.00,0,0,1,0,0,
BD Glover (NED),2019-2022,24,6,3,2,1*,0.66,11,18.18,0,0,3,0,0,
O Goker (TKY),2019-2019,1,1,1,1,1*,-,1,100.00,0,0,0,0,0,
SP Gomes (PORT),2022-2022,4,4,1,82,52*,27.33,83,98.79,0,1,1,9,0,
LF Goncalves (BRA),2019-2019,3,2,0,16,13,8.00,21,76.19,0,0,0,1,0,
R Goodwin (PHI),2019-2022,9,9,2,28,16*,4.00,55,50.90,0,0,4,1,0,
M Goonetilleke (MLT),2019-2021,3,2,1,0,0*,0.00,1,0.00,0,0,1,0,0,
JOA Gordon (CAN),2013-2019,7,2,2,3,2*,-,6,50.00,0,0,0,0,0,
TG Gordon (CAN),2012-2012,3,3,0,32,23,10.66,37,86.48,0,0,0,3,0,
S Goustis (GRC),2019-2019,3,1,0,11,11,11.00,19,57.89,0,0,0,0,0,
MS Graham (Bhm),2021-2021,6,6,1,20,8,4.00,38,52.63,0,0,0,1,0,
Z Groenewald (NAM),2019-2019,10,4,1,20,13,6.66,35,57.14,0,0,0,0,0,
J Grzinic (CRT),2022-2022,5,4,2,15,8*,7.50,40,37.50,0,0,2,1,0,
K Gupta (Chile),2019-2019,4,4,1,46,19*,15.33,64,71.87,0,0,1,1,0,
AM Guruge (UAE),2014-2015,5,3,2,3,1*,3.00,8,37.50,0,0,0,0,0,
JB Hakizimana (RWN),2022-2022,2,2,0,8,8,4.00,12,66.66,0,0,1,0,0,
A Halbhavi (LUX),2021-2022,4,4,0,39,21,9.75,50,78.00,0,0,1,5,0,
AJ Hall (SA),2006-2006,2,1,0,11,11,11.00,10,110.00,0,0,0,1,0,
S Hallett (Peru),2019-2019,4,4,0,10,5,2.50,16,62.50,0,0,1,1,0,
Hamed Khan (HKG),2020-2020,3,3,0,15,10,5.00,19,78.94,0,0,1,2,0,
Jandu Hamoud (KUW),2019-2019,6,1,0,2,2,2.00,4,50.00,0,0,0,0,0,
Hamza Tahir (SCOT),2018-2022,15,1,1,3,3*,-,6,50.00,0,0,0,0,0,
PSP Handscomb (AUS),2019-2019,2,2,1,33,20*,33.00,33,100.00,0,0,0,1,0,
J Hansrod (SWA),2021-2021,4,3,0,10,7,3.33,25,40.00,0,0,0,1,0,
Hardev Singh (Chile),2019-2019,3,3,0,23,17,7.66,48,47.91,0,0,0,1,0,
A Harikumar (BUL),2021-2021,1,1,0,22,22,22.00,13,169.23,0,0,0,3,0,
HL Harji (SEY),2021-2021,2,1,0,0,0,0.00,4,0.00,0,0,1,0,0,
RJ Harris (AUS),2010-2010,3,1,1,2,2*,-,1,200.00,0,0,0,0,0,
CV Harrison (GIBR),2021-2021,7,2,1,2,2,2.00,4,50.00,0,0,0,0,0,
SM Harwood (AUS),2007-2009,3,1,1,0,0*,-,0,-,0,0,0,0,0,
Hasan Cakir (TKY),2022-2022,2,2,1,0,0*,0.00,2,0.00,0,0,1,0,0,
Hasan Mahmud (BAN),2020-2022,10,5,3,5,3,2.50,10,50.00,0,0,1,0,0,
Hasheem Shahzad (MLT),2019-2019,2,2,0,5,5,2.50,9,55.55,0,0,1,1,0,
Hashmatullah Shahidi (AFG),2013-2022,6,4,2,48,36,24.00,55,87.27,0,0,0,5,0,
NM Hauritz (AUS),2009-2009,3,2,0,6,4,3.00,10,60.00,0,0,0,1,0,
E Haven (Bhm),2021-2022,8,6,1,18,6,3.60,72,25.00,0,0,1,0,0,
AW Hawkins-Kay (JER),2019-2019,16,13,5,122,27*,15.25,136,89.70,0,0,1,8,0,
R Hekure (PNG),2019-2022,19,13,2,73,18,6.63,85,85.88,0,0,2,7,0,
H Helva (TKY),2019-2019,4,4,0,12,7,3.00,25,48.00,0,0,2,2,0,
N Henderson (SUI),2021-2022,5,1,1,0,0*,-,0,-,0,0,0,0,0,
T Henderson (SA),2006-2006,1,1,0,0,0,0.00,2,0.00,0,0,1,0,0,
MJ Henry (NZ),2014-2017,6,2,1,10,10,10.00,5,200.00,0,0,0,2,0,
HMRKB Herath (SL),2011-2016,17,6,3,8,3,2.66,12,66.66,0,0,0,0,0,
L Hermida (Mex),2019-2019,5,5,2,35,12,11.66,50,70.00,0,0,0,1,0,
Hilal Ahmad (CZK-R),2019-2021,15,14,4,101,44*,10.10,140,72.14,0,0,2,4,0,
BW Hilfenhaus (AUS),2007-2012,7,3,1,2,2,1.00,10,20.00,0,0,1,0,0,
J Hill (PHI),2019-2022,8,7,0,34,11,4.85,64,53.12,0,0,1,3,0,
WW Hinds (WI),2006-2010,5,5,1,30,14,7.50,41,73.17,0,0,1,3,0,
H Hiri (PNG),2016-2021,6,5,0,17,8,3.40,30,56.66,0,0,0,1,0,
J Hirschi (MLT),2019-2019,4,4,0,37,13,9.25,62,59.67,0,0,0,0,0,
Hisham Sheikh (Saudi),2021-2022,6,5,1,84,29,21.00,89,94.38,0,0,0,6,0,
KC Hodsoll (BMUDA),2008-2021,4,1,0,0,0,0.00,1,0.00,0,0,1,0,0,
IG Holland (USA),2021-2021,6,3,1,47,39*,23.50,52,90.38,0,0,0,4,0,
V Hristov (BUL),2021-2021,3,2,0,7,5,3.50,11,63.63,0,0,0,0,0,
PJ Hughes (AUS),2014-2014,1,1,0,6,6,6.00,8,75.00,0,0,0,1,0,
Humayun Kabir (SWE),2021-2021,3,3,1,20,11*,10.00,29,68.96,0,0,0,1,0,
GI Hume (IRE),2022-2022,1,1,0,1,1,1.00,1,100.00,0,0,0,0,0,
J Hurley (Arg),2019-2021,7,1,0,0,0,0.00,1,0.00,0,0,1,0,0,
A Husain (Arg),2019-2021,10,2,1,8,6,8.00,7,114.28,0,0,0,1,0,
Husnain Kabeer (GER),2021-2021,1,1,0,5,5,5.00,6,83.33,0,0,0,0,0,
EH Hutchinson (USA),2019-2021,4,1,0,16,16,16.00,8,200.00,0,0,0,3,0,
Huzaifa Mohammed (PHI),2022-2022,5,3,3,15,11*,-,26,57.69,0,0,0,0,0,
Lee Hwanhee (SKOR),2022-2022,2,2,0,4,3,2.00,9,44.44,0,0,0,0,0,
GM Hyde (Blz),2019-2019,3,1,0,1,1,1.00,6,16.66,0,0,0,0,0,
AN Hyobeom (SKOR),2022-2022,2,2,0,8,4,4.00,14,57.14,0,0,0,1,0,
Ibrahim Nashath (Mald),2019-2022,12,9,3,36,20*,6.00,91,39.56,0,0,3,1,0,
Ibrahim Rahimi (NOR),2022-2022,3,2,0,5,5,2.50,8,62.50,0,0,1,0,0,
Ibrahim Rizan (Mald),2019-2022,18,14,6,41,9*,5.12,65,63.07,0,0,3,3,0,
Ihsanullah (AFG),2022-2022,1,1,0,20,20,20.00,14,142.85,0,0,0,4,0,
Ilyas Ahmed (KUW),2019-2020,7,3,2,2,1*,2.00,3,66.66,0,0,0,0,0,
Imam-ul-Haq (PAK),2019-2019,2,2,0,21,14,10.50,25,84.00,0,0,0,2,0,
Imran Ali (KUW),2019-2019,4,2,1,5,5*,5.00,6,83.33,0,0,1,0,0,
Imran Farhat (PAK),2010-2011,7,7,0,76,19,10.85,70,108.57,0,0,1,14,0,
Imran Haider (UAE),2016-2019,11,2,2,4,4*,-,8,50.00,0,0,0,0,0,
Imran Khan (1) (PAK),2015-2015,3,1,0,0,0,0.00,1,0.00,0,0,1,0,0,
Imran Khan (BHR),2022-2022,3,1,0,0,0,0.00,2,0.00,0,0,1,0,0,
Imran Yousaf (Saudi),2020-2021,6,1,1,1,1*,-,2,50.00,0,0,0,0,0,
PJ Ingram (NZ),2010-2010,3,3,1,22,20*,11.00,35,62.85,0,0,1,3,0,
K Irakoze (RWN),2021-2022,16,9,2,36,13,5.14,56,64.28,0,0,2,2,0,
AJ Ireland (ZIM),2006-2006,1,1,1,2,2*,-,3,66.66,0,0,0,0,0,
Irfan Sarfraz (Saudi),2022-2022,1,1,0,13,13,13.00,34,38.23,0,0,0,0,0,
Irshad Mubbashar (Saudi),2022-2022,1,1,0,18,18,18.00,24,75.00,0,0,0,1,0,
G Irvin (Bhm),2021-2021,2,2,1,5,4,5.00,17,29.41,0,0,0,1,0,
E Isaneez (UGA),2019-2019,3,2,2,8,7*,-,13,61.53,0,0,0,0,0,
O Isesele (NGA),2021-2021,5,1,1,0,0*,-,0,-,0,0,0,0,0,
Ishtiaq Ahmad (Saudi),2021-2022,5,2,1,1,1*,1.00,4,25.00,0,0,1,0,0,
Ismaeel Zia (SWE),2022-2022,8,6,0,54,22,9.00,68,79.41,0,0,1,6,0,
Ismail Sardar (THAI),2020-2020,2,2,0,5,3,2.50,16,31.25,0,0,0,0,0,
H Isorena (PHI),2022-2022,1,1,0,6,6,6.00,14,42.85,0,0,0,1,0,
Itibarshah Deedar (Aut),2022-2022,7,2,2,4,4*,-,7,57.14,0,0,0,0,0,
AJ Jabiri (TAN),2022-2022,2,2,0,22,15,11.00,37,59.45,0,0,0,1,0,
ZR Jabeneke (TAN),2021-2021,3,1,1,6,6*,-,13,46.15,0,0,0,0,0,
WG Jacks (ENG),2022-2022,2,2,0,40,40,20.00,25,160.00,0,0,1,8,0,
KA Jadhav (CAM),2022-2022,3,3,0,21,12,7.00,48,43.75,0,0,0,2,0,
V Jagannivasan (CZK-R),2021-2022,7,6,1,76,55,15.20,76,100.00,0,1,2,10,0,
Jagjit Singh (Peru),2019-2019,4,4,0,24,12,6.00,30,80.00,0,0,0,1,0,
B Jagroo (Bhm),2021-2022,9,4,3,14,5*,14.00,17,82.35,0,0,1,1,0,
Jaison Jerome (MLT),2022-2022,6,2,1,4,3,4.00,12,33.33,0,0,0,0,0,
Jai Sinh (SUI),2022-2022,4,3,0,7,6,2.33,17,41.17,0,0,1,0,0,
D Jakiel (MWI/ZIM),2019-2022,5,2,1,17,11*,17.00,16,106.25,0,0,0,1,0,
NA Janes (THAI),2019-2019,2,2,0,9,9,4.50,11,81.81,0,0,1,1,0,
KA Jamieson (NZ),2020-2021,8,4,2,41,30,20.50,27,151.85,0,0,0,7,0,
Jaspreet Singh (ITA),2019-2022,13,4,0,19,11,4.75,27,70.37,0,0,2,1,0,
Javed Ahmadi (AFG),2012-2017,3,2,0,6,6,3.00,7,85.71,0,0,1,1,0,
Javed Maroofkhail (NOR),2019-2019,2,1,0,3,3,3.00,8,37.50,0,0,0,0,0,
P Jayawickrama (SL),2021-2022,5,1,1,0,0*,-,5,0.00,0,0,0,0,0,
P Jayeshbhai Patel (PNM),2019-2019,2,2,1,14,8*,14.00,11,127.27,0,0,0,0,0,
Jay Odedra (OMA),2019-2019,3,1,1,6,6*,-,6,100.00,0,0,0,0,0,
J Jemison (Bhm),2022-2022,5,4,1,32,13,10.66,46,69.56,0,0,1,0,0,
B Jerkovic (CRT),2022-2022,5,4,3,27,11*,27.00,58,46.55,0,0,0,1,0,
JS Jesani (KENYA),2007-2007,1,1,0,1,1,1.00,5,20.00,0,0,0,0,0,
Jitesh Patel (MLT),2022-2022,4,1,0,1,1,1.00,6,16.66,0,0,0,0,0,
A Johnmary (Fran),2021-2021,2,2,0,8,8,4.00,14,57.14,0,0,1,0,0,
NR Johns-Wickberg (SRB),2021-2022,15,10,3,71,24,10.14,92,77.17,0,0,0,9,0,
Jojo Thomas (MLT),2021-2021,1,1,0,1,1,1.00,3,33.33,0,0,0,0,0,
GO Jones (ENG),2005-2006,2,2,1,33,19,33.00,25,132.00,0,0,0,5,0,
MBS Jonkman (NED),2010-2010,3,1,0,1,1,1.00,8,12.50,0,0,0,0,0,
Junaid Khan (PAK),2011-2014,9,2,2,3,3*,-,4,75.00,0,0,0,0,0,
Junaid Khan (PORT),2021-2022,9,2,1,4,4*,4.00,2,200.00,0,0,1,1,0,
S Jyoti (CAN),2008-2008,2,2,1,10,10*,10.00,20,50.00,0,0,1,0,0,
T Kahamker (ISR),2022-2022,3,1,1,1,1*,-,1,100.00,0,0,0,0,0,
Kaleem Sana (CAN),2022-2022,7,1,0,1,1,1.00,6,16.66,0,0,0,0,0,
B Kalki Kumar (MLT),2021-2021,2,1,1,0,0*,-,0,-,0,0,0,0,0,
G Kaltongga (VAN),2019-2019,3,2,0,10,10,5.00,12,83.33,0,0,1,1,0,
CJPF Kalugamage (ITA),2022-2022,5,2,0,8,6,4.00,11,72.72,0,0,0,1,0,
S Randiv (SL),2010-2011,7,2,0,8,6,4.00,6,133.33,0,0,0,1,0,
AB Kamara (SLE),2021-2021,9,7,2,47,10*,9.40,70,67.14,0,0,1,2,0,
SI Kamea (PNG),2022-2022,9,4,2,2,2*,1.00,8,25.00,0,0,2,0,0,
ST Kanakalil (MLT),2020-2020,3,1,1,13,13*,-,6,216.66,0,0,0,2,0,
SHT Kandamby (SL),2008-2011,5,4,0,13,10,3.25,21,61.90,0,0,1,0,0,
TE Kane (IRE),2015-2019,7,3,1,36,26*,18.00,23,156.52,0,0,0,5,0,
S Kansoy (TKY),2019-2019,4,4,0,2,2,0.50,7,28.57,0,0,3,0,0,
A Kapoor (CAN),2022-2022,1,1,1,9,9*,-,4,225.00,0,0,0,1,0,
A Karn (NEPAL),2015-2015,2,1,0,4,4,4.00,7,57.14,0,0,0,0,0,
A Karvelas (GRC),2022-2022,1,1,0,10,10,10.00,20,50.00,0,0,0,1,0,
Kashif Siddique (Saudi),2022-2022,2,2,0,19,17,9.50,15,126.66,0,0,0,4,0,
MS Kasprowicz (AUS),2005-2005,2,1,1,3,3*,-,5,60.00,0,0,0,0,0,
LP Kasturiarachchige (Aut),2021-2021,5,1,1,5,5*,-,3,166.66,0,0,0,1,0,
E Katchay (CAN),2008-2008,4,3,2,15,8*,15.00,25,60.00,0,0,1,0,0,
I Katzarski (BUL),2019-2022,18,7,1,18,5,3.00,42,42.85,0,0,1,0,0,
D Kegasitswe (BOT),2019-2019,4,2,2,5,4*,-,11,45.45,0,0,0,0,0,
SKW Kelly (BMUDA),2008-2008,3,2,2,13,11*,-,24,54.16,0,0,0,0,0,
P Kerai (KENYA),2019-2019,6,1,0,0,0,0.00,1,0.00,0,0,1,0,0,
S Keshvani (CAN),2010-2010,2,1,1,0,0*,-,1,0.00,0,0,0,0,0,
RWT Key (ENG),2009-2009,1,1,1,10,10*,-,8,125.00,0,0,0,0,0,
Khawar Zafar (Saudi),2020-2020,2,1,0,5,5,5.00,3,166.66,0,0,0,1,0,
Khizer Ahmed (NOR),2019-2022,9,8,2,79,37,13.16,108,73.14,0,0,1,6,0,
B Khumalo (BOT),2019-2021,4,1,0,1,1,1.00,3,33.33,0,0,0,0,0,
Khurram Khan (UAE),2014-2014,3,3,0,73,31,24.33,73,100.00,0,0,0,8,0,
Khurram Manzoor (PAK),2016-2016,3,3,0,11,10,3.66,27,40.74,0,0,1,1,0,
Khurram Shahzad (QAT),2020-2020,7,5,1,17,10,4.25,29,58.62,0,0,0,2,0,
JH Kiani (PHI),2019-2019,4,3,1,25,13,12.50,36,69.44,0,0,0,2,0,
GE Kidd (IRE),2010-2010,1,1,1,1,1*,-,1,100.00,0,0,0,0,0,
TCR Kimber (GUE),2019-2019,3,3,0,5,2,1.66,13,38.46,0,0,0,0,0,
AM Kimote (TAN),2021-2022,20,10,6,93,32,23.25,70,132.85,0,0,2,12,0,
VJ Kingma (NED),2016-2021,9,3,1,5,4,2.50,14,35.71,0,0,0,0,0,
A Kirschbaum (Arg),2021-2021,6,6,1,19,10*,3.80,34,55.88,0,0,2,1,0,
RJ Kirtley (ENG),2007-2007,1,1,1,2,2*,-,4,50.00,0,0,0,0,0,
RK Kiseto (TAN),2021-2022,11,4,0,8,5,2.00,21,38.09,0,0,1,0,0,
S Kizilkaya (TKY),2019-2019,4,4,0,17,8,4.25,28,60.71,0,0,1,3,0,
FJ Klaassen (NED),2018-2022,37,15,5,45,13,4.50,53,84.90,0,0,4,2,0,
R Klein (NED),2022-2022,2,1,0,11,11,11.00,6,183.33,0,0,0,2,0,
FA Klokker (DEN),2021-2022,13,7,5,59,29*,29.50,57,103.50,0,0,0,4,0,
EB Knowles (CZK-R),2019-2021,14,13,3,124,23,12.40,152,81.57,0,0,1,15,0,
MF Koc (TKY),2019-2019,3,3,1,4,4*,2.00,17,23.52,0,0,2,0,0,
RM Koda (INA),2022-2022,6,2,1,2,1*,2.00,3,66.66,0,0,0,0,0,
PK Langat (KENYA),2021-2021,7,1,1,2,2*,-,3,66.66,0,0,0,0,0,
W Kokaua (COK),2022-2022,5,2,1,6,4,6.00,11,54.54,0,0,0,0,0,
M Koli (ROM),2022-2022,4,3,0,18,17,6.00,16,112.50,0,0,1,3,0,
S Kollery (BOT),2022-2022,2,2,1,31,29,31.00,43,72.09,0,0,0,4,0,
S Koppolu (SVN),2022-2022,3,3,0,7,6,2.33,16,43.75,0,0,1,0,0,
AC Kose (TKY),2019-2019,4,4,0,15,15,3.75,33,45.45,0,0,3,3,0,
ML Kostic (SRB),2022-2022,9,7,1,37,15,6.16,45,82.22,0,0,0,5,0,
A Krishna (SGP),2019-2022,12,6,4,29,21*,14.50,29,100.00,0,0,1,3,0,
N Krishna (SEY),2021-2021,6,6,0,42,20,7.00,54,77.77,0,0,0,5,0,
GJP Kruger (SA),2006-2006,1,1,0,3,3,3.00,5,60.00,0,0,0,0,0,
S Kubheka (SWA/SWZ),2021-2022,8,6,3,11,5*,3.66,25,44.00,0,0,1,1,0,
E Kubwimana (RWN),2022-2022,4,3,0,11,7,3.66,14,78.57,0,0,1,0,0,
HGJM Kulatunga (SL),2008-2008,2,2,0,19,11,9.50,38,50.00,0,0,0,0,0,
Kuldeep Gurjar (SKOR),2022-2022,2,1,0,2,2,2.00,7,28.57,0,0,0,0,0,
Kuldeep Singh (PHI),2019-2019,4,3,0,8,6,2.66,16,50.00,0,0,0,0,0,
Kuldeep Yadav (INDIA),2017-2022,25,4,3,43,23*,43.00,48,89.58,0,0,0,2,0,
DS Kulkarni (INDIA),2016-2016,2,1,1,1,1*,-,1,100.00,0,0,0,0,0,
B Kumar (INDIA),2012-2022,85,20,12,66,16,8.25,93,70.96,0,0,2,0,0,
P Kumar (INDIA),2008-2012,10,3,0,7,6,2.33,16,43.75,0,0,1,0,0,
BLCS Kumara (CYP),2021-2021,2,2,0,3,3,1.50,7,42.85,0,0,1,0,0,
CBRLS Kumara (SL),2019-2022,25,6,3,10,4,3.33,11,90.90,0,0,1,2,0,
IGTR Kumara (Mald),2020-2020,3,3,0,11,5,3.66,37,29.72,0,0,0,1,0,
P Kumbhare (JAPAN),2022-2022,6,3,1,0,0*,0.00,4,0.00,0,0,2,0,0,
JS Kundi (KENYA),2019-2019,6,4,0,9,6,2.25,22,40.90,0,0,1,1,0,
S Kushretha (LUX),2020-2022,9,6,0,51,28,8.50,59,86.44,0,0,1,3,0,
E Kuyumcu (TKY),2022-2022,3,3,0,17,10,5.66,47,36.17,0,0,1,1,0,
C Kyewuta (UGA),2021-2022,12,2,2,5,4*,-,7,71.42,0,0,0,0,0,
M Labuschagne (AUS),2022-2022,1,1,0,2,2,2.00,4,50.00,0,0,0,0,0,
A Lagos (GRC),2019-2019,1,1,1,1,1*,-,4,25.00,0,0,0,0,0,
RAS Lakmal (SL),2011-2019,11,6,3,7,5*,2.33,11,63.63,0,0,2,1,0,
TK Lal (CZK-R),2022-2022,8,3,2,3,3*,3.00,10,30.00,0,0,1,0,0,
GA Lamb (ZIM),2010-2010,5,4,2,32,14*,16.00,54,59.25,0,0,1,1,0,
D Finau (Samoa),2022-2022,6,3,1,4,2*,2.00,6,66.66,0,0,1,0,0,
T Langa (VAN),2019-2019,1,1,0,14,14,14.00,9,155.55,0,0,0,2,0,
CK Langeveldt (SA),2005-2010,9,3,2,4,2*,4.00,8,50.00,0,0,0,0,0,
CJ Langford (IOM),2020-2022,9,5,2,30,8*,10.00,32,93.75,0,0,0,2,0,
A Lark (Aut),2019-2019,5,4,0,110,43,27.50,121,90.90,0,0,1,15,0,
Lee Kangmin (SKOR),2022-2022,3,2,1,12,9*,12.00,17,70.58,0,0,0,1,0,
Lemar Momand (SWE),2021-2022,7,3,2,4,2*,4.00,10,40.00,0,0,1,0,0,
ME Leoela (LES),2021-2021,2,2,1,8,7,8.00,10,80.00,0,0,0,0,0,
M Leporoporo (LES),2021-2021,4,3,1,7,5,3.50,14,50.00,0,0,0,1,0,
T Letsitsa (LES),2021-2021,1,1,1,0,0*,-,4,0.00,0,0,0,0,0,
J Lewis (ENG),2005-2007,2,2,1,1,1,1.00,4,25.00,0,0,0,0,0,
RN Lewis (WI),2008-2008,1,1,0,0,0,0.00,4,0.00,0,0,1,0,0,
C Liebenberg (IOM),2020-2020,1,1,0,1,1,1.00,1,100.00,0,0,0,0,0,
A Limdawala (MWI),2022-2022,3,1,0,0,0,0.00,3,0.00,0,0,1,0,0,
I Lisboa (Chile),2019-2019,1,1,0,2,2,2.00,3,66.66,0,0,0,0,0,
J Liyanage (SL),2022-2022,3,3,0,28,11,9.33,45,62.22,0,0,0,0,0,
CA Liyanage (Mald),2019-2020,3,3,1,0,0*,0.00,2,0.00,0,0,2,0,0,
NCK Liyanage (MAL),2019-2019,6,3,1,8,8,4.00,8,100.00,0,0,1,1,0,
K Loday (BHU),2019-2019,1,1,1,0,0*,-,1,0.00,0,0,0,0,0,
S Loday (BHU),2022-2022,3,3,1,28,22,14.00,33,84.84,0,0,0,2,0,
DB Loic (CAM),2021-2022,7,7,0,23,6,3.28,37,62.16,0,0,2,2,0,
KS Lokuarachchi (SL),2012-2012,2,2,0,11,11,5.50,13,84.61,0,0,1,1,0,
J Long (PHI),2019-2019,2,1,1,2,2*,-,6,33.33,0,0,0,0,0,
J Louw (SA),2008-2009,2,1,1,1,1*,-,1,100.00,0,0,0,0,0,
WJ Lubbe (SA),2021-2021,2,2,0,16,12,8.00,10,160.00,0,0,0,4,0,
Lucky Ali (DEN),2019-2022,12,9,0,94,18,10.44,130,72.30,0,0,0,7,0,
T Lungameni (NAM),2019-2022,15,1,1,2,2*,-,2,100.00,0,0,0,0,0,
NM Lyon (AUS),2016-2018,2,1,1,4,4*,-,4,100.00,0,0,0,0,0,
RT Lyons (SCOT),2010-2010,2,2,0,4,4,2.00,17,23.52,0,0,1,0,0,
AM McCarthy (WI),2018-2018,1,1,0,5,5,5.00,8,62.50,0,0,0,0,0,
WK McCallan (IRE),2008-2009,9,3,2,11,9*,11.00,15,73.33,0,0,1,1,0,
GD McGrath (AUS),2005-2005,2,1,0,5,5,5.00,12,41.66,0,0,0,0,0,
AJ McKay (NZ),2010-2010,2,1,0,0,0,0.00,1,0.00,0,0,1,0,0,
ND McKenzie (SA),2006-2009,2,1,1,7,7*,-,8,87.50,0,0,0,0,0,
R McLaren (SA),2009-2014,12,4,3,9,6*,9.00,13,69.23,0,0,0,0,0,
C Madande (ZIM),2022-2022,1,1,0,2,2,2.00,11,18.18,0,0,0,0,0,
D Madushanka (SL),2022-2022,6,1,1,1,1*,-,2,50.00,0,0,0,0,0,
LD Madushanka (SL),2019-2021,3,3,0,22,20,7.33,29,75.86,0,0,0,1,0,
P Magafas (GRC),2022-2022,4,3,0,49,30,16.33,50,98.00,0,0,0,5,0,
R Mahajan (PHI),2019-2019,3,1,1,1,1*,-,1,100.00,0,0,0,0,0,
A Maheshwari (CRT),2022-2022,3,3,0,3,2,1.00,9,33.33,0,0,1,0,0,
Mahmad Data (PNM),2019-2019,2,1,0,3,3,3.00,5,60.00,0,0,0,0,0,
S Mahmood (ENG),2019-2022,12,7,4,22,7*,7.33,28,78.57,0,0,1,2,0,
SI Mahmood (ENG),2006-2009,4,2,2,1,1*,-,2,50.00,0,0,0,0,0,
Mahmud Jasat (PNM),2021-2021,6,6,1,72,21,14.40,99,72.72,0,0,0,5,0,
C Mahoney (Peru),2019-2019,3,1,0,21,21,21.00,27,77.77,0,0,0,1,0,
GI Maiden (SCOT),2008-2008,3,1,0,0,0,0.00,1,0.00,0,0,1,0,0,
GT Main (SCOT),2015-2022,6,2,2,12,12*,-,14,85.71,0,0,0,2,0,
D Maisuria (BOT),2019-2022,14,3,2,6,6*,6.00,11,54.54,0,0,1,0,0,
P Malav (LUX),2020-2022,17,6,2,17,8,4.25,21,80.95,0,0,2,1,0,
D Malinga (SWZ),2022-2022,3,3,0,4,3,1.33,10,40.00,0,0,1,0,0,
AK Mandal (NEPAL),2015-2015,2,2,0,11,9,5.50,25,44.00,0,0,0,0,0,
MSS Mandy (Chile),2019-2019,4,4,0,54,32,13.50,67,80.59,0,0,0,8,0,
R Mangal (Fran),2022-2022,5,2,0,3,2,1.50,6,50.00,0,0,0,0,0,
P Manning (Caym),2019-2019,6,6,1,56,28,11.20,89,62.92,0,0,1,4,0,
Manoj Adhikari (BHU),2022-2022,7,4,3,18,9*,18.00,44,40.90,0,0,0,0,0,
I Mansaray (SLE),2021-2021,4,3,1,8,5*,4.00,24,33.33,0,0,0,0,0,
L Maphane (BOT),2022-2022,1,1,0,0,0,0.00,1,0.00,0,0,1,0,0,
N Mapunda (TAN),2021-2021,7,2,1,15,15,15.00,21,71.42,0,0,0,2,0,
Maqsood Ahmad (Belg),2021-2022,6,5,1,48,29,12.00,49,97.95,0,0,0,6,0,
D Marks (MLT),2019-2019,2,2,2,11,6*,-,12,91.66,0,0,0,0,0,
J Marples (GIBR),2021-2022,19,8,3,49,16,9.80,61,80.32,0,0,0,3,0,
HJH Marshall (NZ),2005-2006,3,3,0,12,8,4.00,14,85.71,0,0,0,0,0,
JAH Marshall (NZ),2005-2008,3,2,0,14,13,7.00,15,93.33,0,0,0,2,0,
OM Marshall (Peru),2019-2019,3,1,0,0,0,0.00,3,0.00,0,0,1,0,0,
DE Martel (GUE),2022-2022,5,2,1,4,3*,4.00,8,50.00,0,0,0,0,0,
CS Martin (NZ),2007-2008,6,1,1,5,5*,-,6,83.33,0,0,0,0,0,
M Martin (SUI),2021-2021,1,1,0,2,2,2.00,6,33.33,0,0,0,0,0,
SW Masakadza (ZIM),2010-2013,7,5,1,18,9,4.50,24,75.00,0,0,1,1,0,
WP Masakadza (ZIM),2015-2022,36,19,7,83,19*,6.91,102,81.37,0,0,1,6,0,
P Masih (ROM),2020-2020,3,1,0,13,13,13.00,18,72.22,0,0,0,0,0,
MJ Mason (NZ),2006-2008,3,1,0,2,2,2.00,2,100.00,0,0,0,0,0,
Masood Jayezeh (Iran),2020-2020,3,3,0,2,1,0.66,13,15.38,0,0,1,0,0,
I Master (BOT),2019-2022,6,6,1,49,40,9.80,51,96.07,0,0,1,3,0,
N Master (BOT),2019-2019,2,2,0,23,21,11.50,18,127.77,0,0,0,4,0,
GE Mathurin (WI),2011-2012,3,2,2,4,3*,-,5,80.00,0,0,0,0,0,
MV Matsau (LES),2021-2021,5,5,2,23,22,7.66,28,82.14,0,0,2,2,0,
Mazhar Khan (SVN),2022-2022,3,3,1,9,7,4.50,18,50.00,0,0,1,1,0,
RD McCann (IRE),2012-2012,3,1,0,1,1,1.00,2,50.00,0,0,0,0,0,
W McClintock (IRE),2021-2021,5,4,1,34,15*,11.33,38,89.47,0,0,0,4,0,
CE McConchie (NZ),2021-2021,5,4,2,32,17*,16.00,28,114.28,0,0,2,3,0,
Z McLaughlin (Caym),2019-2019,3,2,2,6,4*,-,16,37.50,0,0,0,0,0,
MD Shoyaib (EST),2022-2022,2,1,0,17,17,17.00,15,113.33,0,0,0,0,0,
M Meade (Chile),2019-2019,1,1,0,0,0,0.00,2,0.00,0,0,1,0,0,
A Mehmood (HKG),2016-2016,2,1,1,0,0*,-,1,0.00,0,0,0,0,0,
Junaid Mehmood (NOR),2021-2021,2,1,0,2,2,2.00,10,20.00,0,0,0,0,0,
Mehrab Hossain jnr (BAN),2008-2009,2,2,1,16,10,16.00,25,64.00,0,0,0,1,0,
Mehran Dorri (Iran),2020-2020,1,1,1,0,0*,-,3,0.00,0,0,0,0,0,
Mehran Siasar (Iran),2020-2020,1,1,0,0,0,0.00,3,0.00,0,0,1,0,0,
KD Mehta (CZK-R),2021-2021,3,1,0,1,1,1.00,2,50.00,0,0,0,0,0,
NSK Mehta (Belg),2020-2021,9,2,0,1,1,0.50,3,33.33,0,0,1,0,0,
KP Meiyappan (UAE),2021-2022,14,6,4,19,12,9.50,23,82.60,0,0,0,2,0,
D Mejia (CRC),2019-2019,3,1,0,12,12,12.00,10,120.00,0,0,0,2,0,
BAW Mendis (SL),2008-2014,39,8,5,8,4*,2.66,17,47.05,0,0,0,1,0,
RTM Mendis (SL),2021-2021,2,1,0,2,2,2.00,5,40.00,0,0,0,0,0,
AB Mengoumou (CAM),2021-2022,4,4,1,12,7,4.00,28,42.85,0,0,1,0,0,
KO Meth (ZIM),2012-2012,2,1,1,6,6*,-,6,100.00,0,0,0,0,0,
Michael Nazir (MLT),2019-2019,1,1,0,0,0,0.00,2,0.00,0,0,1,0,0,
EJB Miles (JER),2019-2022,25,5,2,28,16,9.33,32,87.50,0,0,1,1,0,
G Miller (COK),2022-2022,2,2,2,5,5*,-,10,50.00,0,0,0,0,0,
NO Miller (WI),2009-2014,9,5,4,43,15*,43.00,47,91.48,0,0,0,2,0,
S Mills (IOM),2020-2020,1,1,1,1,1*,-,3,33.33,0,0,0,0,0,
K Mishara (SL),2022-2022,3,3,0,15,13,5.00,19,78.94,0,0,0,2,0,
A Mishra (INDIA),2010-2017,10,1,0,0,0,0.00,0,-,0,0,1,0,0,
Y Mitari (RWN),2021-2022,8,3,2,5,3*,5.00,8,62.50,0,0,0,0,0,
RP Mitchell (Bhm),2021-2021,5,4,3,2,1*,2.00,6,33.33,0,0,1,0,0,
Mobashar Ashraf (Fran),2021-2021,2,1,0,2,2,2.00,4,50.00,0,0,0,0,0,
D Mogan (MAL),2020-2021,3,1,0,2,2,2.00,8,25.00,0,0,0,0,0,
Mohamed Azzam (Mald),2019-2022,20,18,3,170,17*,11.33,211,80.56,0,0,1,13,0,
Mohammad Asaduzzaman (Fin),2022-2022,9,2,1,1,1*,1.00,2,50.00,0,0,1,0,0,
Mohammad Asif (PAK),2006-2010,11,3,3,9,5*,-,3,300.00,0,0,0,2,0,
Mohammad Ayaz (UAE),2020-2020,1,1,0,0,0,0.00,2,0.00,0,0,1,0,0,
Mohammad Ghazanfar (HKG),2019-2022,15,6,3,15,6*,5.00,18,83.33,0,0,1,1,0,
Mohammad Ihsan (ESP),2022-2022,4,4,2,30,22*,15.00,28,107.14,0,0,0,4,0,
Mohammad Iqbal (CAN),2008-2008,3,3,0,27,22,9.00,39,69.23,0,0,0,1,0,
Mohammad Irfan (PAK),2012-2019,22,4,4,4,2*,-,8,50.00,0,0,0,0,0,
Mohammad Kashif (NED),2010-2010,3,1,1,0,0*,-,0,-,0,0,0,0,0,
Mohamed Mahfooz (Mald),2019-2021,15,9,2,65,16,9.28,88,73.86,0,0,0,3,0,
Mohammad Qazi (CAN),2008-2008,1,1,0,0,0,0.00,1,0.00,0,0,1,0,0,
Mohammad Rafique (BAN),2006-2006,1,1,0,13,13,13.00,5,260.00,0,0,0,3,0,
Mohammad Salman (PAK),2011-2011,1,1,0,5,5,5.00,6,83.33,0,0,0,0,0,
Mohammad Sami (PAK),2010-2016,13,4,3,21,8,21.00,30,70.00,0,0,0,2,0,
Mohammad Tauqir (UAE),2015-2015,3,2,1,4,4,4.00,6,66.66,0,0,0,1,0,
Mohammad Wasim (1) (PAK),2021-2022,26,9,5,36,12*,9.00,46,78.26,0,0,1,5,0,
Mohamed Shafeeq (KUW),2022-2022,7,4,2,12,6,6.00,9,133.33,0,0,0,1,0,
Mohammed Nadeem (QAT),2019-2021,26,6,5,6,3,6.00,10,60.00,0,0,0,0,0,
Mohammed Qasim (UAE),2016-2017,3,3,1,36,13*,18.00,51,70.58,0,0,0,2,0,
Mohammed Shami (INDIA),2014-2022,23,3,2,0,0*,0.00,2,0.00,0,0,1,0,0,
Mohammed Siraj (INDIA),2017-2022,6,1,0,5,5,5.00,7,71.42,0,0,0,1,0,
S Mohan (PHI),2022-2022,1,1,0,0,0,0.00,1,0.00,0,0,1,0,0,
SR Mohan (SEY),2021-2021,6,5,2,29,20,9.66,52,55.76,0,0,2,2,0,
SA Mohandas (HUN),2021-2022,16,8,6,55,26*,27.50,60,91.66,0,0,1,3,0,
HJC Mol (NED),2008-2008,4,1,0,0,0,0.00,1,0.00,0,0,1,0,0,
L Monanthane (LES),2021-2021,2,2,0,2,2,1.00,4,50.00,0,0,1,0,0,
MR Montfort (CAN),2019-2019,1,1,1,1,1*,-,1,100.00,0,0,0,0,0,
M Mooketsi (BOT),2019-2022,15,7,1,20,7,3.33,33,60.60,0,0,1,1,0,
VV Morea (PNG),2015-2017,5,5,0,35,19,7.00,44,79.54,0,0,1,4,0,
A Morris (Caym),2019-2022,8,4,2,5,3*,2.50,17,29.41,0,0,1,0,0,
Mohsin Hub (Peru),2019-2019,4,4,1,36,16*,12.00,41,87.80,0,0,1,2,0,
N Mourikis (GRC),2021-2021,3,1,0,0,0,0.00,1,0.00,0,0,1,0,0,
A Mucyodusenge (RWN),2022-2022,1,1,0,1,1,1.00,10,10.00,0,0,0,0,0,
Fahim Bhatti (Belg),2022-2022,7,1,0,2,2,2.00,4,50.00,0,0,0,0,0,
Muhammad Afis (INA),2022-2022,3,1,0,0,0,0.00,2,0.00,0,0,1,0,0,
Muhammad Ansar (KUW),2020-2020,4,1,0,5,5,5.00,5,100.00,0,0,0,1,0,
Muhammad Asjed (ESP),2019-2021,3,2,0,16,9,8.00,16,100.00,0,0,0,2,0,
Muhammad Farooq (CYP),2022-2022,1,1,0,5,5,5.00,4,125.00,0,0,0,1,0,
Muhammad Khurram (MWI),2019-2019,5,3,0,4,3,1.33,20,20.00,0,0,1,0,0,
Muhammad Rafique (BHR),2019-2019,2,1,0,4,4,4.00,5,80.00,0,0,0,0,0,
Muhammad Safdar (BHR),2022-2022,2,1,1,8,8*,-,6,133.33,0,0,0,1,0,
Muhammed Shanil (UAE),2016-2016,1,1,1,1,1*,-,3,33.33,0,0,0,0,0,
JM Muirhead (AUS),2014-2014,5,2,1,4,3,4.00,8,50.00,0,0,0,0,0,
JK Mukhiya (NEPAL),2014-2022,10,3,2,6,5,6.00,12,50.00,0,0,0,0,0,
J Mulder (IRE),2016-2017,8,4,2,6,5*,3.00,11,54.54,0,0,1,0,0,
AA Mulla (CAN),2008-2008,4,4,0,11,8,2.75,19,57.89,0,0,1,2,0,
GRD Munasinghe (ITA),2019-2019,8,4,1,5,4*,1.66,13,38.46,0,0,2,1,0,
GBW Munaweera (QAT),2019-2021,16,5,3,31,8,15.50,30,103.33,0,0,0,3,0,
Munim Shahriar (BAN),2022-2022,5,5,0,34,17,6.80,47,72.34,0,0,0,5,0,
IS Munir (UGA),2022-2022,1,1,1,0,0*,-,0,-,0,0,0,0,0,
T Mupariwa (ZIM),2007-2008,4,2,2,5,3*,-,3,166.66,0,0,0,0,0,
G Murali (CRC),2019-2019,3,3,0,25,14,8.33,44,56.81,0,0,0,1,0,
M Muralidaran (SL),2006-2010,12,2,0,1,1,0.50,5,20.00,0,0,1,0,0,
S Murari (CRC),2019-2019,3,3,1,21,16,10.50,20,105.00,0,0,0,2,0,
D Murphy (SCOT),2013-2013,4,4,3,35,20,35.00,35,100.00,0,0,0,1,0,
Murtaza Yamin (CYP),2021-2021,1,1,1,0,0*,-,0,-,0,0,0,0,0,
Musawar Shah (QAT),2019-2021,8,1,1,0,0*,-,0,-,0,0,0,0,0,
Musa Twala (SWZ),2022-2022,5,3,1,4,2*,2.00,13,30.76,0,0,1,0,0,
N M'shangwe (ZIM),2013-2014,5,2,1,5,5*,5.00,4,125.00,0,0,1,1,0,
LA Musiani (Arg),2019-2021,10,10,1,118,27,13.11,133,88.72,0,0,1,14,0,
Mustafa Omer (Fran),2021-2021,1,1,0,4,4,4.00,11,36.36,0,0,0,0,0,
Mustapha Yusuf (NGA),2021-2021,5,4,2,33,16,16.50,34,97.05,0,0,1,3,0,
GM Mwendwa (KENYA),2022-2022,2,1,1,3,3*,-,3,100.00,0,0,0,0,0,
F Mutizwa (ZIM),2011-2012,3,3,0,38,22,12.66,36,105.55,0,0,1,3,0,
D Mutu (TKY),2022-2022,1,1,1,0,0*,-,3,0.00,0,0,0,0,0,
Muzammil Shahzad (PHI),2022-2022,3,3,0,2,1,0.66,16,12.50,0,0,1,0,0,
B Muzarabani (ZIM),2018-2022,34,14,9,19,8,3.80,38,50.00,0,0,2,3,0,
T Muzarabani (ZIM),2015-2016,9,1,1,0,0*,-,2,0.00,0,0,0,0,0,
M Mwamadi (MWI),2019-2022,12,3,3,5,3*,-,10,50.00,0,0,0,0,0,
Nadeem Ahmed (HKG),2014-2017,24,9,4,34,10,6.80,55,61.81,0,0,1,2,0,
Nader Zahadiafzal (Iran),2020-2020,3,3,0,12,12,4.00,24,50.00,0,0,2,2,0,
Nadif Chowdhury (BAN),2006-2007,3,3,0,27,12,9.00,23,117.39,0,0,0,2,0,
Naeem Gull (SWA),2021-2021,6,6,0,74,20,12.33,104,71.15,0,0,0,10,0,
Naiem Bameri (Iran),2020-2020,3,3,0,20,10,6.66,57,35.08,0,0,0,0,0,
Najeeb Amar (HKG),2014-2014,1,1,0,2,2,2.00,9,22.22,0,0,0,0,0,
K Namchaikul (THAI),2022-2022,6,4,1,3,2*,1.00,11,27.27,0,0,2,0,0,
N Nankov (BUL),2019-2021,5,3,1,15,14,7.50,25,60.00,0,0,0,1,0,
A Nao (PNG),2017-2022,3,3,2,7,7*,7.00,5,140.00,0,0,1,1,0,
N Nuntarach (THAI),2022-2022,6,6,0,44,24,7.33,59,74.57,0,0,1,4,0,
M Nasim Baras (AFG),2015-2015,3,1,0,1,1,1.00,2,50.00,0,0,0,0,0,
Nasrulla Rana (HKG),2019-2020,11,6,2,15,7,3.75,26,57.69,0,0,3,0,0,
D Nath (NEPAL),2022-2022,4,3,1,15,15*,7.50,11,136.36,0,0,2,3,0,
R Nath (TKY),2022-2022,4,4,0,40,20,10.00,78,51.28,0,0,0,1,0,
A Nathwani (Aut),2019-2022,20,5,4,11,7*,11.00,17,64.70,0,0,0,0,0,
Naveed Fakhr (KUW),2020-2021,3,1,1,0,0*,-,0,-,0,0,0,0,0,
Naveed Shahid (Fin),2021-2022,6,1,1,12,12*,-,7,171.42,0,0,0,2,0,
Naveen-ul-Haq (AFG),2019-2022,22,5,4,18,10*,18.00,21,85.71,0,0,0,2,0,
Navid Balouch (Iran),2020-2020,3,3,1,30,19*,15.00,50,60.00,0,0,0,1,0,
Navid Abdollahpour (Iran),2020-2020,2,1,1,0,0*,-,2,0.00,0,0,0,0,0,
Nazmul Hossain (BAN),2009-2012,4,2,2,3,3*,-,15,20.00,0,0,0,0,0,
Nazmul Islam (BAN),2018-2018,13,4,3,18,7,18.00,17,105.88,0,0,0,2,0,
Nazmus Sadat (BAN),2006-2006,1,1,0,4,4,4.00,3,133.33,0,0,0,0,0,
Nazwan Ismail (Mald),2019-2020,4,2,2,7,5*,-,10,70.00,0,0,0,0,0,
D Ndikubwimana (RWN),2021-2022,9,9,2,77,22,11.00,124,62.09,0,0,1,6,0,
A Ndlovu (ZIM),2019-2022,6,3,2,25,13*,25.00,32,78.12,0,0,0,3,0,
N Ndouteng (CAM),2021-2021,1,1,1,0,0*,-,1,0.00,0,0,0,0,0,
R Neale (LUX),2019-2019,3,2,0,1,1,0.50,6,16.66,0,0,1,0,0,
A Nel (SA),2005-2007,2,1,1,0,0*,-,2,0.00,0,0,0,0,0,
S Nerandzic (SRB),2019-2022,3,2,0,10,5,5.00,33,30.30,0,0,0,1,0,
OE Newey (GUE),2019-2022,10,7,1,69,23*,11.50,79,87.34,0,0,1,3,0,
Ngawang Thinley (BHU),2022-2022,7,5,2,24,11,8.00,31,77.41,0,0,0,2,0,
L Ngidi (SA),2017-2022,36,8,3,16,4*,3.20,30,53.33,0,0,2,1,0,
JO Ngoche (KENYA),2012-2013,7,3,1,4,2,2.00,17,23.52,0,0,0,0,0,
SF Nhavotso (MOZ),2021-2021,4,3,0,12,5,4.00,26,46.15,0,0,0,0,0,
B Niaz (Belg),2021-2022,8,5,1,28,20*,7.00,90,31.11,0,0,2,0,0,
HM Nicholls (NZ),2016-2021,10,9,1,100,36*,12.50,112,89.28,0,0,0,9,0,
OB Nightingale (GUE),2022-2022,7,4,1,14,9*,4.66,19,73.68,0,0,1,1,0,
Nijat Masood (AFG),2022-2022,3,1,1,4,4*,-,5,80.00,0,0,0,0,0,
D Nikolov (BUL),2019-2022,20,13,2,50,14,4.54,91,54.94,0,0,3,4,0,
K Nima (BHU),2019-2019,1,1,1,2,2*,-,3,66.66,0,0,0,0,0,
EM Nino (Arg),2021-2021,2,1,1,1,1*,-,1,100.00,0,0,0,0,0,
N Nazmussakib (SKOR),2022-2022,2,1,0,3,3,3.00,7,42.85,0,0,0,0,0,
Niv Nagavkar (ISR),2022-2022,4,2,0,11,10,5.50,17,64.70,0,0,0,0,0,
W Niyitanga (RWN),2021-2022,9,9,0,56,18,6.22,83,67.46,0,0,2,7,0,
ML Nkala (ZIM),2006-2006,1,1,0,1,1,1.00,3,33.33,0,0,0,0,0,
YM Nkanya (TAN),2022-2022,10,1,1,1,1*,-,2,50.00,0,0,0,0,0,
AA Noffke (AUS),2007-2008,2,1,0,0,0,0.00,0,-,0,0,1,0,0,
Noman Kamawi (Belg),2019-2019,1,1,0,2,2,2.00,7,28.57,0,0,0,0,0,
Noor Ahmad (AFG),2022-2022,1,1,1,4,4*,-,8,50.00,0,0,0,0,0,
Noor Momand (Belg),2019-2019,2,1,1,0,0*,-,0,-,0,0,0,0,0,
MJ North (AUS),2009-2009,1,1,0,20,20,20.00,21,95.23,0,0,0,1,0,
A Nortje (SA),2019-2022,29,10,4,16,4*,2.66,33,48.48,0,0,2,1,0,
L Nou (PNG),2015-2015,3,1,1,2,2*,-,3,66.66,0,0,0,0,0,
M Ntini (SA),2005-2011,10,4,2,10,5,5.00,11,90.90,0,0,1,2,0,
I Ntirenganya (RWN),2022-2022,3,2,1,1,1*,1.00,8,12.50,0,0,1,0,0,
L Nussbaumer (GUE),2019-2019,1,1,0,0,0,0.00,1,0.00,0,0,1,0,0,
HS Nyakatawa (SWZ),2022-2022,6,6,0,78,29,13.00,131,59.54,0,0,0,12,0,
VM Nyauchi (ZIM),2022-2022,2,1,1,1,1*,-,3,33.33,0,0,0,0,0,
J Nyumbu (ZIM),2018-2018,2,2,2,7,6*,-,11,63.63,0,0,0,1,0,
SH Obed (VAN),2019-2022,13,8,2,30,9,5.00,44,68.18,0,0,0,1,0,
S Ogundipe (NGA),2021-2021,4,1,1,1,1*,-,3,33.33,0,0,0,0,0,
NV Ojha (INDIA),2010-2010,2,2,0,12,10,6.00,27,44.44,0,0,0,2,0,
OE Olaleye (NGA),2021-2021,5,5,0,27,16,5.40,35,77.14,0,0,1,5,0,
R Olipa (UGA),2019-2019,2,1,0,3,3,3.00,4,75.00,0,0,0,0,0,
MH Oman (SVN),2022-2022,4,3,1,5,2,2.50,21,23.80,0,0,0,0,0,
Omar Hayat (DEN),2019-2022,8,4,0,13,6,3.25,10,130.00,0,0,0,1,0,
CB Ondoa (CAM),2021-2021,4,4,1,9,5,3.00,24,37.50,0,0,1,1,0,
LN Onyango (KENYA),2007-2010,5,4,2,17,5,8.50,21,80.95,0,0,0,0,0,
A Orfila (GIBR),2019-2021,5,3,1,6,4*,3.00,13,46.15,0,0,1,0,0,
Ovais Yousof (NGA),2019-2019,3,3,0,52,33,17.33,70,74.28,0,0,0,5,0,
HC Overdijk (NED),2018-2019,4,1,0,13,13,13.00,7,185.71,0,0,0,2,0,
DK Pallekonda (SVN),2022-2022,1,1,1,1,1*,-,1,100.00,0,0,0,0,0,
RJG Palmer (JER),2019-2022,7,1,1,1,1*,-,2,50.00,0,0,0,0,0,
I Pandey (NEPAL),2019-2019,4,4,0,33,22,8.25,50,66.00,0,0,0,5,0,
MS Panesar (ENG),2007-2007,1,1,0,1,1,1.00,2,50.00,0,0,0,0,0,
MW Parkinson (ENG),2019-2022,6,4,0,5,5,1.25,11,45.45,0,0,3,1,0,
SD Parry (ENG),2014-2015,5,1,0,1,1,1.00,1,100.00,0,0,0,0,0,
Parvez Rasool (INDIA),2017-2017,1,1,0,5,5,5.00,6,83.33,0,0,0,0,0,
Parvez Hossain Emon (BAN),2022-2022,1,1,0,2,2,2.00,6,33.33,0,0,0,0,0,
P Murungi (UGA),2022-2022,5,2,1,6,6,6.00,9,66.66,0,0,0,0,0,
A Patel (MWI),2019-2019,2,2,1,12,6*,12.00,23,52.17,0,0,0,2,0,
AY Patel (NZ),2018-2021,7,2,0,7,4,3.50,14,50.00,0,0,0,0,0,
JS Patel (NZ),2005-2008,11,4,1,9,5,3.00,14,64.28,0,0,1,1,0,
KJ Patel (SEY),2021-2021,6,3,3,8,8*,-,29,27.58,0,0,0,1,0,
M Patel (PNM),2019-2019,2,1,1,3,3*,-,6,50.00,0,0,0,0,0,
MM Patel (INDIA),2011-2011,3,1,0,0,0,0.00,1,0.00,0,0,1,0,0,
RB Patel (BUL),2020-2021,10,3,3,7,3*,-,14,50.00,0,0,0,0,0,
SJ Patel (CZK-R),2021-2022,10,4,1,2,2*,0.66,11,18.18,0,0,3,0,0,
TK Patel (USA),2019-2019,7,3,3,17,14*,-,18,94.44,0,0,0,1,0,
D Paterson (SA),2017-2018,8,2,1,5,4*,5.00,2,250.00,0,0,0,1,0,
M Pathirana (SL),2022-2022,1,1,0,5,5,5.00,12,41.66,0,0,0,0,0,
SN Pathirana (CYP),2021-2022,8,5,1,13,7,3.25,21,61.90,0,0,1,0,0,
SS Pathirana (SL),2016-2017,5,5,0,27,14,5.40,24,112.50,0,0,0,3,0,
A Shirai-Patmore (JAPAN),2022-2022,6,5,0,57,25,11.40,69,82.60,0,0,0,5,0,
TAW Patterson (Blz),2021-2021,3,3,0,23,16,7.66,47,48.93,0,0,1,2,0,
JL Pattinson (AUS),2011-2012,4,2,2,5,5*,-,3,166.66,0,0,0,1,0,
A Paul (EST),2022-2022,4,3,2,15,14*,15.00,19,78.94,0,0,1,1,0,
Pavandeep Singh (MAL),2019-2022,33,9,8,10,4*,10.00,21,47.61,0,0,0,0,0,
MV Pavlovic (SRB),2022-2022,8,6,0,45,18,7.50,68,66.17,0,0,1,4,0,
WA Peatfield (GUE),2019-2022,21,7,5,31,12*,15.50,29,106.89,0,0,1,4,0,
C Pengkumta (THAI),2019-2022,11,10,2,50,18,6.25,93,53.76,0,0,2,4,0,
MDK Perera (SL),2011-2011,3,2,0,1,1,0.50,6,16.66,0,0,1,0,0,
PDRL Perera (SL),2006-2006,2,2,2,0,0*,-,0,-,0,0,0,0,0,
SL Perera (Ghana),2019-2019,2,2,0,10,7,5.00,23,43.47,0,0,0,0,0,
WKD Perkins (WI),2008-2008,1,1,0,9,9,9.00,11,81.81,0,0,0,1,0,
AN Petersen (SA),2010-2010,2,2,0,14,8,7.00,19,73.68,0,0,0,1,0,
AM Phangiso (SA),2012-2018,16,3,0,19,13,6.33,29,65.51,0,0,0,1,0,
T Phaswana (BOT),2019-2019,1,1,0,0,0,0.00,3,0.00,0,0,1,0,0,
VD Philander (SA),2007-2007,7,4,0,14,6,3.50,28,50.00,0,0,0,0,0,
K Pierre (WI),2018-2020,10,5,3,17,9*,8.50,23,73.91,0,0,0,2,0,
R Pillai (GER),2019-2019,6,5,1,28,14,7.00,44,63.63,0,0,1,1,0,
S Pillai (CRC),2019-2019,3,3,0,14,6,4.66,27,51.85,0,0,0,1,0,
JE Pitcher (BMUDA),2019-2019,3,1,1,5,5*,-,4,125.00,0,0,0,0,0,
OL Pitcher (BMUDA),2008-2008,3,3,0,34,15,11.33,53,64.15,0,0,0,1,0,
B Pondani (MWI),2021-2022,6,1,1,0,0*,-,3,0.00,0,0,0,0,0,
VRCF Poubel (BRA),2019-2019,3,3,2,9,5*,9.00,15,60.00,0,0,0,0,0,
A Poulose (OMA),2017-2017,3,3,0,9,9,3.00,14,64.28,0,0,2,2,0,
DBL Powell (WI),2007-2007,5,1,1,1,1*,-,1,100.00,0,0,0,0,0,
KOA Powell (WI),2014-2014,1,1,0,12,12,12.00,14,85.71,0,0,0,1,0,
S Pradhan (BHU),2022-2022,7,6,1,27,12,5.40,46,58.69,0,0,2,2,0,
H Pragji (BOT),2019-2019,4,4,1,38,30*,12.66,65,58.46,0,0,0,1,0,
Pramod Madushan (SL),2022-2022,5,2,1,1,1*,1.00,1,100.00,0,0,1,0,0,
C Prasad (CRC),2019-2019,3,3,1,14,11,7.00,29,48.27,0,0,1,1,0,
RW Price (ZIM),2008-2012,16,9,4,15,7*,3.00,28,53.57,0,0,1,1,0,
AG Prince (SA),2005-2005,1,1,0,5,5,5.00,6,83.33,0,0,0,0,0,
AR Puri (SGP),2022-2022,12,4,2,3,1*,1.50,11,27.27,0,0,1,0,0,
Qadeer Ahmed (UAE),2015-2019,10,4,3,7,5*,7.00,12,58.33,0,0,1,1,0,
Qais Ahmad (AFG),2020-2022,2,2,1,8,8,8.00,9,88.88,0,0,0,1,0,
Qasim Zia (BHR),2019-2019,3,1,1,4,4*,-,1,400.00,0,0,0,1,0,
Qudratullah Mir Afzail (SWE),2021-2021,6,5,2,24,13*,8.00,21,114.28,0,0,0,3,0,
Raaz Mohammad (Fin),2021-2022,11,3,2,0,0*,0.00,4,0.00,0,0,1,0,0,
Rafatullah Mohmand (PAK),2015-2015,3,3,0,39,23,13.00,45,86.66,0,0,1,4,0,
Raag Kapur (HKG),2019-2019,4,3,1,12,6,6.00,16,75.00,0,0,0,1,0,
Moshiur Rahman (EST),2021-2022,4,3,2,11,5,11.00,25,44.00,0,0,0,0,0,
Rahman Ademi (SRB),2019-2019,2,1,1,0,0*,-,4,0.00,0,0,0,0,0,
EC Rainsford (ZIM),2010-2010,2,1,1,1,1*,-,2,50.00,0,0,0,0,0,
Raja Adeel (ESP),2019-2022,20,5,1,3,1,0.75,11,27.27,0,0,1,0,0,
LN Rajbanshi (NEPAL),2018-2019,12,2,1,3,3,3.00,7,42.85,0,0,0,0,0,
AP Rajeevan (TAN),2022-2022,8,7,0,153,70,21.85,134,114.17,0,1,0,19,0,
CAK Rajitha (SL),2016-2022,13,5,3,16,8*,8.00,44,36.36,0,0,1,0,0,
Rakibul Hasan (ITA),2019-2019,8,4,1,14,5*,4.66,17,82.35,0,0,1,1,0,
S Ramakrishnan (CZK-R),2022-2022,6,4,0,33,15,8.25,47,70.21,0,0,0,1,0,
KC Ramamoorthy (INA),2022-2022,7,7,0,46,14,6.57,70,65.71,0,0,2,5,0,
Rameez Raja (2) (PAK),2011-2011,2,2,0,24,23,12.00,29,82.75,0,0,0,2,0,
R Rampaul (WI),2007-2021,27,7,5,15,8,7.50,29,51.72,0,0,0,0,0,
N Rana (INDIA),2021-2021,2,2,0,15,9,7.50,27,55.55,0,0,0,0,0,
SHA Rance (NZ),2017-2019,8,3,0,10,8,3.33,21,47.61,0,0,0,0,0,
RJ Ranpura (OMA),2015-2016,3,2,2,5,5*,-,8,62.50,0,0,0,0,0,
AU Rashid (ENG),2009-2022,92,29,15,91,22,6.50,106,85.84,0,0,2,7,0,
Ravi Bishnoi (INDIA),2022-2022,10,2,1,10,8*,10.00,4,250.00,0,0,0,2,0,
S Ravoka (Fiji),2022-2022,6,6,2,25,13,6.25,41,60.97,0,0,0,0,0,
D Ravu (PNG),2019-2022,24,9,3,29,6,4.83,30,96.66,0,0,1,5,0,
AT Rayudu (INDIA),2014-2016,6,5,1,42,20,10.50,50,84.00,0,0,2,5,0,
Raza-ur-Rehman (CAN),2012-2013,5,4,0,25,10,6.25,29,86.20,0,0,0,3,0,
Raza Hasan (PAK),2012-2014,10,4,4,18,13*,-,25,72.00,0,0,0,2,0,
CMW Read (ENG),2006-2006,1,1,0,13,13,13.00,11,118.18,0,0,0,2,0,
NJ Reardon (AUS),2014-2014,2,1,0,4,4,4.00,8,50.00,0,0,0,0,0,
B Regmi (NEPAL),2014-2019,18,11,4,24,11,3.42,56,42.85,0,0,1,2,0,
RA Reifer (WI),2022-2022,1,1,0,19,19,19.00,23,82.60,0,0,0,0,0,
S Rengarajan (CZK-R),2020-2020,3,2,2,8,6*,-,15,53.33,0,0,0,0,0,
A Reyes (GIBR),2021-2022,9,6,1,87,44,17.40,101,86.13,0,0,1,9,0,
ACL Richards (WI),2007-2007,1,1,0,10,10,10.00,15,66.66,0,0,0,1,0,
DM Richards (WI),2009-2009,1,1,0,0,0,0.00,1,0.00,0,0,1,0,0,
KW Richardson (AUS),2014-2022,35,7,3,17,9,4.25,17,100.00,0,0,1,0,0,
EB Ringera (KENYA),2019-2022,16,7,0,18,8,2.57,32,56.25,0,0,0,0,0,
T Ritawa (COK),2022-2022,6,4,1,15,8,5.00,24,62.50,0,0,0,1,0,
R Rivas (Chile),2019-2019,3,1,0,0,0,0.00,1,0.00,0,0,1,0,0,
Riyaz Kajalwala (CYP),2022-2022,2,2,1,1,1,1.00,9,11.11,0,0,0,0,0,
Rizwan Mangera (PNM),2021-2021,4,4,1,15,9,5.00,37,40.54,0,0,0,2,0,
KAJ Roach (WI),2008-2012,11,1,1,3,3*,-,2,150.00,0,0,0,0,0,
DE Roache (Samoa),2022-2022,2,1,1,1,1*,-,1,100.00,0,0,0,0,0,
WJR Robertson (JER),2019-2019,6,2,2,1,1*,-,2,50.00,0,0,0,0,0,
CM Rocca (GIBR),2022-2022,2,1,0,14,14,14.00,19,73.68,0,0,0,2,0,
